tb_aluno_id,tb_aluno_tb_curso,tb_atividades_extra_id
1,2,4
1,2,1
1,2,5
2,3,1
2,3,5
3,4,1
3,4,2
3,4,4
4,6,2
5,1,2
5,1,3
6,5,2
6,5,1
6,5,3
7,5,2
7,5,5
8,5,1
8,5,3
9,2,1
9,2,3
9,2,2
10,5,5
10,5,4
10,5,2
11,1,1
12,6,3
12,6,2
12,6,5
13,4,1
13,4,4
14,3,1
15,3,3
15,3,2
16,1,1
17,3,5
17,3,3
17,3,4
18,3,5
18,3,1
19,6,2
19,6,4
19,6,5
20,3,5
20,3,3
20,3,1
21,2,2
21,2,5
22,4,4
22,4,5
23,1,5
23,1,1
24,4,2
24,4,1
25,3,4
26,4,1
26,4,5
27,5,1
27,5,5
27,5,4
28,6,1
29,5,2
29,5,5
30,5,3
31,1,2
31,1,5
32,2,3
32,2,5
33,5,3
33,5,1
33,5,5
34,2,5
34,2,1
34,2,3
35,1,4
35,1,3
35,1,2
36,1,4
37,1,1
37,1,3
37,1,2
38,6,4
39,4,5
39,4,1
39,4,3
40,3,3
41,2,5
41,2,3
42,2,5
42,2,2
42,2,1
43,6,5
43,6,3
44,2,5
45,2,5
46,4,1
47,6,4
48,6,3
48,6,4
48,6,5
49,2,1
49,2,2
49,2,5
50,2,1
51,4,4
51,4,2
52,4,4
52,4,3
53,4,2
54,4,1
54,4,4
54,4,2
55,2,3
56,2,5
56,2,1
56,2,3
57,1,3
57,1,1
58,4,1
58,4,5
58,4,2
59,6,1
59,6,5
60,5,1
60,5,4
60,5,3
61,6,3
61,6,1
62,1,3
63,4,2
63,4,1
63,4,3
64,4,3
64,4,2
65,3,4
65,3,3
65,3,5
66,6,3
66,6,5
67,4,5
67,4,2
67,4,3
68,1,1
69,4,3
69,4,4
69,4,2
70,1,3
70,1,5
70,1,4
71,2,3
72,5,5
72,5,1
73,3,4
74,1,5
74,1,1
74,1,4
75,2,5
75,2,4
76,4,2
76,4,5
76,4,1
77,1,5
78,3,1
78,3,2
79,5,4
80,3,5
80,3,1
80,3,2
81,2,4
81,2,2
81,2,1
82,5,2
82,5,3
82,5,5
83,5,5
83,5,1
83,5,4
84,3,5
84,3,1
84,3,4
85,2,4
85,2,5
85,2,2
86,6,3
87,3,5
88,1,4
89,6,3
89,6,5
89,6,1
90,1,4
90,1,5
91,6,1
91,6,5
92,4,2
92,4,3
93,6,4
93,6,5
93,6,2
94,3,1
94,3,2
95,6,3
95,6,5
96,1,5
96,1,3
97,2,5
97,2,3
98,4,5
99,3,1
99,3,3
100,1,5
100,1,1
100,1,4
101,6,3
101,6,1
101,6,5
102,6,1
102,6,3
102,6,2
103,4,3
103,4,5
103,4,4
104,4,2
104,4,3
105,3,1
106,5,3
106,5,2
107,2,5
107,2,4
107,2,3
108,4,5
109,4,1
109,4,4
109,4,2
110,4,4
110,4,5
111,2,2
111,2,3
112,3,3
112,3,2
112,3,1
113,5,1
114,1,4
114,1,5
115,4,4
116,2,5
116,2,1
117,1,2
118,1,3
118,1,1
119,2,4
119,2,2
120,6,2
120,6,3
121,4,5
122,2,5
122,2,1
123,5,5
124,6,2
125,3,1
125,3,4
126,6,2
126,6,5
127,4,2
127,4,3
127,4,1
128,3,1
128,3,5
129,4,4
129,4,2
130,6,3
130,6,5
131,1,1
131,1,2
131,1,5
132,3,1
132,3,2
133,5,3
133,5,2
134,4,1
134,4,5
135,3,5
135,3,2
135,3,1
136,3,2
137,5,1
137,5,5
137,5,4
138,4,2
138,4,1
139,6,4
139,6,5
140,5,3
140,5,1
140,5,2
141,2,5
142,1,3
142,1,2
142,1,1
143,5,1
144,2,4
144,2,3
145,5,5
145,5,2
145,5,4
146,6,2
146,6,4
147,5,2
147,5,1
148,6,3
148,6,2
148,6,1
149,4,3
149,4,2
150,6,3
151,5,5
152,5,3
152,5,5
153,6,4
153,6,1
153,6,2
154,3,2
154,3,5
155,5,1
155,5,2
155,5,5
156,1,1
157,3,5
157,3,1
158,5,1
158,5,5
159,6,2
159,6,1
159,6,3
160,5,3
160,5,4
161,4,1
161,4,2
162,1,1
162,1,2
163,5,5
164,6,2
164,6,5
164,6,4
165,5,1
166,3,5
166,3,1
167,3,3
167,3,5
167,3,4
168,1,3
168,1,5
168,1,2
169,3,4
169,3,5
170,5,3
171,6,4
172,6,1
172,6,5
173,2,1
173,2,2
174,2,2
175,4,3
175,4,4
176,4,3
176,4,1
176,4,5
177,3,3
177,3,4
178,2,5
178,2,2
179,2,1
180,2,2
181,6,3
182,2,2
183,5,4
184,3,4
185,4,3
185,4,2
186,1,2
187,2,3
187,2,1
187,2,5
188,1,5
188,1,4
188,1,3
189,2,2
189,2,1
189,2,4
190,6,3
191,5,5
192,5,4
193,6,5
194,5,5
194,5,2
194,5,3
195,6,4
196,1,4
196,1,3
197,6,1
198,1,1
198,1,5
198,1,2
199,3,2
199,3,1
199,3,4
200,5,1
201,3,1
201,3,5
201,3,3
202,5,4
202,5,1
203,3,3
204,2,1
205,3,5
205,3,3
206,1,4
206,1,5
207,1,3
207,1,1
207,1,4
208,6,5
209,1,3
209,1,2
209,1,4
210,2,2
210,2,5
210,2,4
211,6,5
211,6,2
211,6,3
212,4,5
213,4,2
214,6,2
214,6,5
215,6,3
215,6,1
216,2,4
216,2,5
217,2,4
217,2,5
218,2,3
218,2,5
219,5,5
220,5,5
220,5,2
221,6,5
221,6,1
221,6,2
222,3,2
222,3,1
223,4,3
224,3,2
224,3,3
225,2,3
225,2,1
226,6,4
227,2,5
228,3,4
228,3,1
229,4,2
229,4,5
229,4,1
230,6,3
231,4,3
231,4,5
231,4,2
232,6,3
232,6,5
233,5,3
233,5,4
233,5,5
234,6,3
234,6,5
234,6,2
235,4,3
236,1,1
237,5,3
237,5,4
237,5,1
238,5,5
238,5,1
238,5,2
239,5,4
240,2,1
240,2,4
240,2,5
241,2,2
242,2,1
242,2,3
242,2,5
243,4,2
243,4,4
243,4,5
244,5,4
244,5,1
245,6,2
246,5,5
246,5,3
246,5,2
247,6,3
247,6,2
248,4,5
248,4,1
249,1,4
250,3,1
251,6,4
251,6,5
252,5,2
252,5,1
252,5,3
253,3,4
253,3,1
253,3,5
254,1,5
254,1,2
254,1,4
255,4,5
255,4,4
256,5,1
257,1,4
257,1,3
257,1,1
258,4,1
258,4,5
258,4,3
259,6,5
259,6,2
259,6,3
260,1,5
261,6,5
261,6,1
261,6,3
262,2,2
262,2,3
262,2,1
263,6,2
263,6,3
264,6,3
264,6,5
264,6,1
265,3,1
265,3,4
266,5,1
266,5,3
266,5,5
267,6,1
267,6,3
267,6,2
268,3,4
269,4,3
269,4,4
269,4,5
270,3,2
270,3,1
271,4,4
271,4,2
272,6,4
272,6,2
272,6,5
273,5,5
274,5,3
275,5,3
275,5,4
276,3,1
276,3,3
277,4,5
277,4,4
277,4,2
278,1,1
279,6,3
280,3,4
280,3,2
281,5,5
282,4,3
282,4,5
283,6,3
283,6,1
284,4,2
285,5,2
285,5,5
285,5,1
286,3,5
286,3,3
286,3,4
287,5,2
288,4,2
289,2,3
290,6,2
290,6,1
290,6,3
291,5,5
291,5,2
291,5,1
292,2,2
292,2,5
292,2,1
293,1,1
293,1,2
293,1,3
294,5,1
294,5,4
295,4,4
295,4,5
296,2,4
297,2,2
297,2,5
297,2,3
298,4,4
299,1,4
299,1,5
299,1,2
300,1,1
301,5,1
301,5,4
301,5,2
302,1,3
303,5,3
303,5,4
303,5,1
304,2,5
304,2,3
305,4,1
305,4,5
305,4,4
306,1,2
307,4,3
307,4,2
308,4,1
309,2,3
310,1,3
311,1,2
311,1,4
311,1,3
312,4,4
312,4,5
313,3,2
313,3,4
313,3,1
314,3,4
314,3,3
315,3,3
315,3,5
316,6,2
317,4,1
317,4,3
317,4,4
318,6,2
319,5,1
320,4,3
320,4,5
320,4,4
321,3,2
321,3,1
322,3,3
322,3,5
323,4,2
324,6,4
325,5,5
325,5,3
325,5,2
326,4,1
326,4,2
327,3,5
327,3,3
328,3,1
328,3,3
329,3,2
329,3,4
329,3,1
330,4,2
330,4,5
331,3,5
331,3,3
331,3,4
332,1,2
332,1,5
332,1,3
333,2,5
333,2,4
333,2,2
334,3,5
334,3,1
334,3,4
335,4,4
336,4,3
336,4,2
336,4,5
337,3,3
337,3,5
338,1,2
338,1,1
338,1,5
339,1,2
340,1,4
340,1,1
340,1,2
341,4,4
342,5,4
343,4,4
344,3,2
344,3,4
344,3,5
345,5,2
345,5,1
345,5,4
346,4,3
346,4,1
346,4,4
347,5,5
347,5,3
347,5,1
348,2,5
348,2,2
349,3,4
349,3,5
349,3,3
350,6,5
350,6,1
350,6,4
351,1,5
351,1,3
352,3,1
352,3,3
352,3,4
353,1,3
354,4,2
354,4,3
355,4,4
355,4,3
355,4,5
356,3,3
357,3,3
358,3,1
358,3,3
359,1,5
360,2,4
360,2,5
360,2,3
361,2,1
361,2,3
362,3,4
362,3,2
362,3,1
363,3,1
363,3,2
363,3,4
364,3,5
364,3,1
364,3,3
365,1,4
366,5,5
366,5,3
366,5,4
367,5,3
368,5,4
368,5,5
368,5,3
369,4,2
370,3,5
371,1,5
371,1,3
371,1,2
372,2,5
372,2,1
372,2,2
373,2,3
374,2,5
374,2,2
374,2,3
375,5,2
375,5,4
376,4,4
376,4,5
377,5,1
377,5,4
378,4,2
378,4,4
379,1,4
379,1,5
380,5,5
380,5,3
381,2,2
381,2,4
382,3,4
383,4,2
383,4,4
384,1,1
385,6,4
386,1,3
386,1,5
386,1,1
387,4,1
387,4,4
388,1,4
389,2,4
389,2,3
389,2,2
390,4,2
390,4,3
390,4,5
391,2,2
391,2,3
391,2,4
392,1,2
392,1,5
392,1,4
393,5,1
394,3,1
395,3,2
396,2,5
396,2,2
396,2,3
397,2,3
398,5,1
398,5,3
398,5,5
399,6,1
400,4,2
401,1,1
402,2,4
402,2,3
402,2,2
403,1,5
403,1,1
404,6,4
404,6,5
405,3,5
406,6,2
406,6,5
407,1,1
407,1,2
407,1,3
408,5,2
409,5,3
409,5,2
410,6,4
410,6,1
411,5,1
411,5,4
411,5,5
412,2,2
412,2,4
412,2,3
413,1,3
413,1,4
413,1,2
414,5,2
414,5,4
414,5,3
415,3,2
415,3,3
416,6,2
416,6,3
417,1,4
417,1,1
417,1,5
418,2,5
418,2,1
419,3,3
419,3,5
419,3,2
420,6,4
420,6,2
421,5,4
422,1,2
422,1,4
422,1,1
423,5,2
424,4,1
424,4,4
424,4,5
425,6,4
425,6,2
425,6,1
426,1,3
426,1,5
427,5,5
428,4,3
428,4,1
429,5,2
429,5,1
429,5,3
430,4,5
431,5,3
431,5,4
431,5,5
432,4,5
432,4,1
432,4,4
433,2,3
433,2,5
433,2,1
434,3,4
435,3,2
435,3,4
435,3,3
436,2,4
437,5,3
437,5,5
437,5,1
438,3,3
438,3,4
438,3,5
439,1,3
440,2,4
440,2,3
441,3,3
442,4,4
443,5,5
443,5,2
443,5,4
444,3,1
444,3,4
444,3,5
445,5,2
445,5,5
445,5,3
446,1,2
446,1,1
446,1,3
447,3,1
448,3,2
448,3,4
448,3,3
449,1,4
450,4,4
450,4,2
450,4,3
451,2,4
451,2,3
452,3,3
452,3,2
452,3,1
453,4,2
453,4,5
453,4,1
454,6,1
455,4,5
456,3,1
456,3,4
456,3,3
457,5,2
458,1,5
458,1,2
459,5,2
460,3,2
461,4,2
461,4,5
462,6,3
462,6,2
463,6,1
463,6,4
464,2,5
465,5,5
466,3,1
466,3,3
466,3,4
467,6,5
467,6,3
467,6,4
468,1,2
468,1,5
468,1,1
469,3,2
469,3,5
469,3,1
470,5,3
470,5,4
470,5,2
471,6,5
472,5,5
472,5,4
472,5,1
473,1,5
474,2,1
474,2,4
474,2,5
475,6,1
476,4,2
477,1,3
477,1,2
478,2,3
479,6,3
479,6,5
480,5,4
480,5,2
481,3,4
482,3,1
483,2,5
483,2,4
484,6,3
484,6,2
485,1,3
486,2,4
486,2,2
486,2,1
487,1,4
488,3,5
488,3,3
489,5,1
489,5,2
489,5,4
490,5,2
490,5,5
491,2,1
491,2,5
491,2,2
492,3,1
492,3,2
492,3,5
493,5,4
493,5,5
493,5,1
494,3,4
494,3,5
495,5,5
495,5,3
496,1,5
496,1,4
496,1,2
497,4,3
498,2,2
498,2,5
499,3,3
500,2,5
501,1,4
502,2,1
502,2,2
502,2,5
503,1,5
503,1,3
503,1,4
504,5,3
505,6,5
505,6,3
506,4,4
506,4,5
506,4,1
507,6,2
507,6,4
507,6,3
508,4,1
508,4,2
508,4,3
509,4,1
509,4,4
509,4,3
510,3,4
510,3,2
510,3,5
511,5,1
511,5,3
511,5,5
512,4,3
513,4,2
513,4,4
513,4,5
514,3,1
514,3,4
515,5,2
515,5,4
515,5,1
516,3,1
517,1,1
517,1,5
518,6,4
519,3,3
519,3,5
520,1,4
520,1,5
520,1,2
521,5,4
521,5,2
522,4,1
522,4,5
523,6,4
523,6,3
524,3,3
524,3,1
525,6,4
525,6,1
525,6,3
526,5,4
526,5,5
527,6,5
527,6,1
527,6,4
528,2,2
529,2,5
529,2,2
530,1,1
531,5,5
532,5,2
533,6,1
533,6,4
534,2,3
535,5,3
535,5,1
535,5,4
536,3,2
536,3,1
536,3,4
537,6,1
537,6,2
537,6,4
538,5,2
538,5,1
539,4,4
540,6,2
540,6,1
540,6,4
541,5,5
541,5,3
541,5,4
542,3,3
543,1,5
543,1,1
543,1,3
544,5,4
544,5,3
544,5,5
545,4,4
545,4,2
545,4,1
546,2,2
546,2,5
546,2,4
547,2,1
547,2,2
547,2,3
548,6,5
549,2,4
549,2,2
549,2,3
550,2,1
551,4,2
551,4,1
552,1,4
552,1,5
553,6,4
553,6,2
553,6,1
554,6,5
555,3,4
556,6,1
556,6,3
556,6,4
557,5,4
557,5,1
558,4,4
558,4,5
559,6,3
559,6,5
560,5,1
560,5,5
560,5,3
561,3,1
561,3,5
562,2,3
563,4,2
563,4,4
564,4,3
565,4,4
565,4,2
566,3,1
567,5,1
567,5,4
567,5,5
568,2,5
568,2,3
569,1,2
570,4,2
571,2,4
572,6,4
573,1,3
573,1,2
573,1,1
574,4,3
574,4,2
574,4,4
575,4,2
575,4,5
575,4,1
576,2,3
577,5,3
578,2,4
579,6,2
579,6,5
580,6,4
580,6,5
581,6,5
581,6,4
582,1,4
583,3,4
583,3,1
584,1,5
584,1,3
584,1,2
585,5,3
586,1,3
587,4,3
587,4,4
588,5,1
588,5,4
589,5,2
589,5,3
589,5,4
590,2,5
590,2,4
590,2,3
591,3,5
591,3,4
591,3,1
592,2,3
592,2,4
593,4,5
594,3,5
595,3,4
596,5,2
596,5,4
597,3,3
598,4,5
599,5,5
600,5,1
601,5,1
602,1,4
603,4,4
603,4,2
603,4,1
604,2,2
604,2,4
604,2,1
605,2,3
605,2,1
606,2,5
606,2,4
606,2,3
607,4,1
607,4,2
607,4,5
608,6,3
609,2,5
610,2,5
611,6,2
612,4,2
612,4,5
612,4,4
613,1,3
613,1,5
614,4,3
614,4,5
615,5,4
615,5,2
616,5,5
616,5,4
617,5,5
617,5,2
617,5,4
618,1,4
618,1,5
619,2,4
620,2,1
620,2,4
621,2,5
621,2,4
622,4,5
622,4,3
623,6,1
624,5,4
624,5,1
624,5,5
625,1,4
625,1,2
626,1,4
627,6,1
627,6,2
628,4,5
628,4,2
629,3,5
630,3,5
630,3,4
631,6,1
631,6,5
631,6,4
632,5,1
632,5,2
632,5,5
633,6,4
634,6,3
635,4,5
635,4,1
635,4,2
636,1,4
636,1,1
637,6,2
638,5,2
638,5,5
639,3,3
639,3,1
639,3,5
640,4,2
641,4,4
641,4,2
642,5,3
642,5,5
642,5,1
643,3,2
643,3,5
644,6,3
644,6,1
644,6,5
645,3,2
646,1,2
646,1,1
647,6,3
648,4,2
649,4,5
650,4,5
651,3,5
652,3,1
652,3,2
652,3,4
653,2,5
653,2,4
654,5,4
654,5,5
654,5,3
655,5,5
655,5,2
656,1,2
657,5,4
658,5,5
659,5,3
659,5,1
659,5,5
660,6,2
660,6,4
660,6,5
661,1,2
662,4,4
662,4,3
663,6,1
663,6,3
663,6,4
664,2,1
664,2,4
664,2,2
665,4,5
665,4,1
665,4,3
666,5,3
666,5,1
667,1,2
667,1,1
667,1,3
668,3,3
668,3,4
668,3,2
669,5,5
670,1,1
670,1,3
671,3,3
672,4,5
672,4,3
673,5,3
673,5,2
673,5,5
674,1,1
674,1,5
675,5,4
676,5,2
676,5,4
677,3,5
677,3,4
677,3,1
678,3,3
679,5,3
679,5,1
680,5,2
681,6,5
681,6,2
682,6,1
682,6,2
682,6,5
683,4,2
683,4,3
684,2,3
684,2,5
685,4,1
685,4,2
686,5,1
686,5,4
686,5,3
687,2,5
687,2,2
688,5,3
688,5,4
689,3,4
689,3,2
690,5,5
691,5,4
691,5,5
692,4,2
692,4,1
692,4,5
693,4,1
693,4,4
694,2,5
695,5,4
696,1,2
696,1,4
697,2,5
697,2,3
698,1,5
699,6,5
699,6,1
699,6,2
700,4,4
701,4,2
701,4,5
701,4,3
702,1,1
702,1,4
702,1,2
703,2,5
703,2,1
704,2,4
705,5,3
706,4,3
706,4,5
706,4,2
707,6,2
708,1,1
708,1,3
708,1,2
709,2,1
709,2,3
710,1,5
710,1,3
710,1,4
711,6,1
711,6,3
712,6,2
712,6,5
712,6,3
713,5,3
714,1,4
714,1,1
714,1,3
715,6,2
716,3,2
716,3,3
716,3,1
717,6,4
718,1,5
718,1,4
719,5,4
720,5,2
720,5,1
720,5,5
721,1,3
721,1,4
721,1,1
722,2,1
722,2,3
723,5,3
724,6,1
724,6,4
724,6,2
725,5,2
725,5,1
725,5,5
726,5,4
727,6,1
728,4,3
728,4,5
728,4,2
729,6,1
730,1,4
730,1,5
731,5,2
732,2,3
732,2,1
733,1,5
733,1,4
733,1,2
734,6,5
734,6,3
735,4,4
736,1,5
736,1,4
736,1,3
737,4,1
737,4,4
737,4,3
738,4,5
738,4,1
739,6,4
739,6,3
739,6,1
740,5,5
741,1,5
741,1,4
741,1,2
742,1,3
742,1,4
742,1,1
743,1,1
744,4,4
744,4,3
745,5,3
745,5,4
746,2,4
746,2,5
747,2,4
748,4,5
749,2,3
749,2,5
749,2,4
750,5,5
750,5,2
750,5,4
751,5,3
751,5,4
751,5,2
752,2,2
752,2,5
752,2,4
753,4,3
753,4,5
753,4,1
754,5,3
755,5,3
755,5,2
756,2,4
756,2,1
757,2,3
758,3,2
758,3,4
759,6,5
759,6,1
760,5,1
760,5,3
760,5,5
761,6,5
761,6,2
762,4,1
763,6,3
763,6,5
763,6,2
764,3,1
765,5,3
765,5,4
766,4,4
767,1,4
767,1,3
767,1,5
768,2,2
769,6,4
770,3,3
770,3,2
771,1,5
771,1,2
771,1,3
772,4,2
773,4,1
773,4,3
773,4,4
774,3,2
775,4,3
775,4,5
776,5,2
776,5,5
776,5,3
777,5,4
778,4,4
778,4,3
779,5,3
780,6,5
780,6,4
781,2,1
781,2,5
781,2,3
782,2,1
783,3,5
784,3,1
785,6,1
786,4,2
787,1,4
787,1,5
787,1,2
788,4,4
789,4,1
789,4,4
789,4,2
790,2,5
790,2,1
791,6,2
791,6,4
792,1,4
792,1,5
792,1,2
793,2,2
794,6,5
794,6,3
794,6,1
795,2,1
795,2,5
796,1,2
797,3,1
797,3,3
797,3,5
798,3,2
798,3,4
799,3,5
799,3,2
800,6,1
800,6,4
801,1,4
801,1,1
802,6,2
802,6,3
803,3,5
804,4,2
805,6,1
805,6,5
805,6,3
806,1,4
807,3,1
807,3,5
807,3,2
808,2,3
808,2,5
809,6,1
809,6,2
810,1,5
810,1,4
811,5,5
811,5,1
812,4,3
812,4,1
813,5,5
813,5,2
814,5,2
815,6,2
816,6,3
817,2,2
817,2,3
817,2,4
818,5,4
818,5,2
819,3,4
820,6,1
820,6,5
821,3,2
821,3,4
821,3,5
822,3,3
823,1,4
824,3,5
824,3,4
825,3,4
825,3,2
825,3,1
826,5,4
826,5,2
826,5,3
827,5,4
828,2,4
828,2,1
828,2,5
829,1,3
829,1,4
829,1,1
830,1,3
830,1,5
831,3,1
831,3,5
831,3,4
832,1,5
833,3,5
833,3,1
833,3,2
834,4,5
834,4,3
834,4,1
835,1,2
835,1,3
836,6,3
836,6,2
836,6,1
837,6,5
838,1,3
838,1,5
839,2,4
839,2,1
839,2,2
840,2,3
840,2,5
840,2,2
841,6,5
841,6,1
841,6,2
842,3,2
842,3,1
843,1,2
844,2,2
845,4,5
845,4,4
845,4,1
846,5,4
846,5,1
846,5,5
847,4,4
847,4,1
847,4,2
848,1,1
849,3,1
850,6,1
851,4,4
851,4,5
852,5,4
852,5,3
852,5,1
853,5,1
854,1,5
855,6,5
855,6,4
856,1,3
856,1,2
857,5,3
857,5,4
858,6,5
858,6,4
858,6,1
859,4,2
860,4,1
860,4,3
860,4,2
861,5,1
861,5,4
862,4,1
863,5,4
863,5,5
864,1,5
865,2,2
865,2,5
865,2,3
866,2,4
866,2,1
866,2,2
867,6,4
868,3,5
868,3,4
869,6,2
870,3,5
870,3,2
871,3,5
871,3,3
871,3,1
872,4,3
872,4,2
873,5,3
874,3,4
874,3,1
875,3,3
876,4,2
876,4,1
876,4,3
877,4,4
877,4,2
878,5,2
878,5,5
879,3,3
879,3,2
880,1,2
880,1,4
880,1,3
881,2,2
881,2,5
882,4,4
883,6,2
884,4,1
884,4,4
885,3,3
886,1,2
886,1,4
886,1,1
887,1,2
887,1,5
887,1,1
888,4,3
889,2,3
889,2,4
890,2,3
890,2,1
891,5,5
892,3,5
893,4,3
893,4,1
894,2,3
894,2,2
894,2,1
895,4,5
896,5,1
896,5,5
897,6,1
898,2,3
898,2,2
899,1,1
900,3,1
900,3,5
901,5,5
901,5,2
901,5,4
902,4,5
903,3,1
903,3,5
904,4,5
904,4,4
904,4,2
905,6,3
905,6,4
905,6,2
906,2,5
906,2,3
907,5,2
908,6,2
908,6,4
909,6,4
909,6,3
910,2,3
910,2,5
911,6,4
911,6,3
911,6,2
912,4,5
913,2,4
914,1,3
914,1,1
915,5,5
916,4,2
917,5,2
917,5,4
918,6,3
918,6,5
919,2,2
920,6,1
921,1,4
921,1,1
922,2,3
922,2,2
922,2,1
923,5,1
923,5,3
923,5,4
924,1,4
924,1,1
924,1,3
925,3,2
925,3,1
926,5,2
926,5,3
926,5,5
927,3,4
927,3,2
928,6,2
929,6,1
929,6,3
930,3,2
930,3,4
930,3,3
931,6,4
932,2,2
933,2,4
934,2,3
934,2,2
935,2,4
936,3,3
937,1,4
937,1,5
938,4,1
939,6,4
939,6,3
939,6,5
940,3,5
940,3,2
941,1,4
941,1,3
942,5,4
942,5,1
943,3,5
943,3,4
944,6,1
945,6,2
945,6,4
945,6,3
946,3,5
946,3,1
947,5,3
947,5,2
948,2,5
948,2,2
948,2,4
949,5,4
949,5,5
949,5,1
950,4,1
950,4,4
950,4,2
951,4,3
952,1,1
952,1,5
953,4,3
953,4,5
953,4,2
954,2,1
955,3,3
955,3,1
956,3,5
956,3,4
956,3,3
957,4,1
957,4,5
958,4,5
958,4,1
959,6,4
960,3,5
961,4,2
961,4,4
962,2,1
963,6,2
963,6,4
963,6,3
964,1,1
965,3,4
965,3,2
966,6,3
966,6,2
966,6,1
967,6,1
967,6,3
968,5,1
968,5,5
968,5,2
969,3,4
969,3,5
969,3,3
970,5,3
971,3,2
971,3,3
972,6,4
973,1,2
973,1,1
973,1,3
974,6,4
974,6,1
975,4,1
975,4,2
975,4,3
976,3,2
977,6,1
977,6,5
978,5,4
978,5,2
978,5,1
979,1,4
979,1,3
980,4,2
980,4,1
980,4,4
981,1,1
982,4,3
983,1,5
983,1,1
983,1,2
984,3,3
984,3,2
985,1,4
986,2,1
987,2,1
987,2,3
987,2,2
988,1,1
989,5,5
990,6,4
990,6,5
990,6,1
991,1,1
991,1,4
991,1,3
992,4,3
993,5,3
994,5,3
994,5,5
995,1,2
995,1,1
995,1,3
996,6,2
997,3,2
998,1,3
998,1,4
999,2,5
1000,3,4
1000,3,2
1000,3,5
1001,3,2
1002,6,1
1002,6,3
1003,4,1
1003,4,4
1004,4,3
1004,4,4
1005,6,5
1006,1,4
1006,1,2
1006,1,3
1007,6,3
1007,6,2
1007,6,4
1008,5,1
1008,5,2
1008,5,5
1009,3,3
1009,3,2
1010,5,3
1010,5,1
1010,5,2
1011,2,1
1012,6,5
1012,6,3
1013,4,3
1013,4,5
1013,4,2
1014,4,3
1014,4,1
1014,4,4
1015,3,2
1016,1,4
1016,1,5
1017,6,1
1017,6,2
1017,6,5
1018,2,1
1018,2,4
1018,2,2
1019,5,2
1019,5,3
1020,6,4
1021,2,2
1021,2,3
1021,2,5
1022,5,3
1022,5,1
1023,4,5
1023,4,1
1023,4,2
1024,3,4
1024,3,3
1025,6,2
1025,6,1
1025,6,3
1026,6,5
1027,2,1
1028,2,2
1028,2,3
1029,1,2
1029,1,4
1030,2,1
1031,4,5
1031,4,3
1031,4,1
1032,6,4
1032,6,3
1033,3,2
1033,3,5
1034,6,2
1034,6,3
1035,1,3
1036,5,4
1036,5,2
1036,5,5
1037,6,4
1037,6,2
1037,6,1
1038,6,3
1039,5,3
1040,4,2
1041,6,4
1042,2,3
1042,2,4
1043,1,5
1043,1,1
1043,1,4
1044,5,5
1045,2,4
1045,2,1
1046,4,4
1047,4,3
1048,4,4
1048,4,5
1048,4,3
1049,4,2
1049,4,5
1050,1,1
1051,5,2
1051,5,1
1051,5,4
1052,6,3
1052,6,1
1052,6,5
1053,4,2
1054,4,3
1054,4,2
1054,4,1
1055,4,2
1056,4,5
1056,4,4
1056,4,3
1057,1,5
1058,1,3
1058,1,2
1059,2,1
1059,2,5
1060,3,1
1061,6,4
1061,6,2
1062,4,2
1062,4,4
1062,4,5
1063,2,5
1063,2,3
1064,3,2
1064,3,4
1064,3,5
1065,2,4
1065,2,3
1065,2,5
1066,1,5
1067,2,4
1067,2,3
1067,2,5
1068,2,2
1069,2,3
1069,2,5
1069,2,2
1070,6,3
1070,6,2
1070,6,5
1071,6,5
1072,2,4
1072,2,5
1073,3,4
1074,5,5
1074,5,3
1075,5,5
1076,5,1
1077,1,5
1077,1,4
1077,1,1
1078,1,4
1078,1,5
1079,2,2
1080,6,2
1080,6,1
1081,4,1
1081,4,5
1081,4,2
1082,4,1
1082,4,4
1083,5,2
1083,5,3
1083,5,4
1084,2,4
1084,2,1
1085,4,3
1085,4,1
1086,4,3
1087,3,4
1088,5,3
1088,5,4
1089,6,3
1089,6,1
1090,1,4
1091,1,3
1091,1,1
1092,4,3
1092,4,2
1093,4,1
1093,4,2
1094,5,2
1094,5,3
1094,5,5
1095,1,2
1095,1,5
1096,3,3
1097,2,5
1097,2,3
1097,2,2
1098,6,1
1098,6,3
1099,3,5
1099,3,2
1099,3,1
1100,3,2
1100,3,1
1100,3,3
1101,4,4
1101,4,5
1102,1,3
1103,3,4
1103,3,5
1103,3,2
1104,3,3
1104,3,4
1104,3,1
1105,1,3
1106,5,5
1106,5,2
1106,5,1
1107,2,3
1107,2,1
1108,2,4
1108,2,5
1109,2,4
1109,2,2
1109,2,3
1110,3,2
1110,3,3
1110,3,4
1111,1,5
1112,4,3
1113,3,5
1113,3,2
1113,3,4
1114,4,3
1115,3,2
1115,3,1
1115,3,3
1116,4,1
1117,3,1
1117,3,4
1117,3,3
1118,2,5
1118,2,4
1118,2,2
1119,4,3
1119,4,5
1119,4,2
1120,1,4
1120,1,5
1120,1,1
1121,1,1
1122,5,1
1122,5,5
1123,4,4
1124,2,3
1124,2,5
1124,2,1
1125,4,5
1125,4,2
1125,4,4
1126,2,4
1126,2,1
1126,2,3
1127,4,4
1127,4,1
1127,4,3
1128,2,3
1129,1,5
1130,5,4
1130,5,3
1130,5,1
1131,5,3
1131,5,1
1132,3,1
1132,3,3
1132,3,4
1133,6,5
1133,6,3
1133,6,4
1134,6,1
1135,4,3
1135,4,2
1136,5,1
1136,5,3
1137,6,2
1138,3,3
1138,3,1
1139,3,3
1139,3,1
1140,5,2
1141,2,3
1141,2,2
1141,2,5
1142,6,1
1142,6,5
1143,2,2
1144,4,4
1144,4,3
1145,6,1
1146,4,5
1146,4,1
1146,4,4
1147,4,3
1148,3,5
1148,3,2
1148,3,4
1149,1,1
1149,1,5
1150,3,5
1151,5,3
1151,5,5
1151,5,4
1152,1,5
1152,1,4
1152,1,1
1153,1,2
1153,1,1
1154,2,3
1154,2,1
1154,2,5
1155,5,1
1156,3,4
1156,3,5
1156,3,2
1157,1,3
1158,2,2
1158,2,3
1158,2,4
1159,6,5
1159,6,1
1160,3,3
1161,3,1
1161,3,4
1162,1,2
1162,1,5
1163,6,3
1164,6,5
1164,6,3
1164,6,4
1165,2,4
1165,2,5
1165,2,3
1166,3,1
1166,3,4
1166,3,2
1167,3,3
1167,3,1
1167,3,4
1168,6,2
1169,3,3
1170,5,4
1170,5,1
1170,5,2
1171,4,2
1171,4,4
1171,4,1
1172,4,4
1172,4,2
1172,4,5
1173,2,2
1174,2,2
1174,2,4
1175,5,2
1175,5,4
1176,5,1
1177,2,5
1178,5,4
1178,5,1
1178,5,3
1179,1,4
1179,1,1
1180,3,2
1180,3,3
1181,4,3
1181,4,5
1182,2,4
1182,2,1
1182,2,3
1183,2,5
1184,1,3
1184,1,4
1185,3,3
1186,3,5
1186,3,3
1187,3,2
1187,3,3
1187,3,5
1188,4,1
1188,4,5
1188,4,2
1189,6,5
1189,6,3
1190,6,4
1190,6,5
1190,6,2
1191,6,5
1191,6,3
1191,6,1
1192,1,2
1192,1,3
1192,1,4
1193,3,3
1193,3,2
1194,6,2
1194,6,1
1194,6,4
1195,4,4
1195,4,1
1195,4,3
1196,3,5
1196,3,2
1196,3,1
1197,5,1
1197,5,2
1198,2,4
1198,2,1
1198,2,3
1199,2,4
1199,2,3
1200,3,2
1201,1,5
1201,1,2
1202,1,5
1202,1,1
1203,3,2
1203,3,4
1203,3,1
1204,6,1
1204,6,4
1205,5,5
1205,5,1
1206,4,3
1206,4,4
1207,5,2
1208,5,3
1209,4,3
1209,4,5
1210,5,4
1210,5,3
1211,3,4
1211,3,2
1212,2,4
1212,2,2
1212,2,5
1213,1,5
1214,2,1
1214,2,2
1214,2,3
1215,6,2
1216,1,2
1217,3,3
1218,1,1
1219,5,2
1220,3,5
1220,3,2
1221,3,3
1222,2,5
1222,2,4
1222,2,3
1223,4,2
1223,4,4
1223,4,3
1224,4,1
1225,6,2
1226,4,3
1227,4,5
1227,4,2
1228,1,4
1228,1,5
1228,1,3
1229,5,3
1229,5,1
1229,5,4
1230,2,5
1231,1,5
1232,6,5
1232,6,2
1232,6,3
1233,5,1
1234,3,2
1235,5,4
1236,1,3
1237,1,4
1237,1,3
1238,1,1
1238,1,3
1238,1,5
1239,6,4
1239,6,3
1239,6,5
1240,6,1
1240,6,5
1240,6,4
1241,5,2
1241,5,5
1241,5,1
1242,4,5
1242,4,4
1243,2,3
1243,2,2
1243,2,5
1244,1,4
1245,3,2
1245,3,1
1245,3,4
1246,2,1
1246,2,5
1246,2,3
1247,5,2
1247,5,5
1247,5,3
1248,1,2
1249,3,4
1249,3,2
1250,1,4
1250,1,1
1250,1,2
1251,1,1
1251,1,3
1251,1,2
1252,3,4
1252,3,1
1252,3,3
1253,2,3
1253,2,4
1254,4,3
1255,4,1
1255,4,5
1255,4,3
1256,5,1
1257,4,5
1257,4,3
1258,2,2
1258,2,5
1258,2,1
1259,6,1
1260,1,5
1260,1,4
1260,1,3
1261,1,5
1261,1,3
1261,1,4
1262,4,5
1262,4,2
1262,4,3
1263,5,2
1263,5,1
1263,5,4
1264,1,5
1265,5,5
1265,5,1
1265,5,4
1266,4,2
1266,4,5
1267,1,2
1268,1,4
1268,1,3
1268,1,5
1269,5,5
1269,5,2
1270,6,1
1271,4,3
1271,4,5
1271,4,1
1272,6,5
1273,5,2
1273,5,3
1273,5,5
1274,3,2
1274,3,3
1275,4,4
1276,3,2
1276,3,3
1277,2,3
1277,2,1
1277,2,2
1278,3,3
1278,3,5
1278,3,2
1279,4,4
1279,4,1
1279,4,5
1280,1,5
1281,4,5
1282,6,2
1282,6,1
1282,6,4
1283,5,1
1283,5,3
1283,5,2
1284,6,5
1285,1,1
1286,2,2
1286,2,4
1287,4,2
1287,4,5
1287,4,4
1288,5,1
1289,6,2
1289,6,3
1289,6,1
1290,2,1
1290,2,3
1291,2,4
1291,2,2
1291,2,1
1292,6,4
1293,1,4
1294,3,3
1294,3,5
1294,3,1
1295,3,4
1295,3,5
1295,3,2
1296,2,5
1296,2,4
1296,2,1
1297,6,4
1297,6,5
1297,6,3
1298,6,4
1298,6,2
1298,6,3
1299,2,2
1299,2,1
1300,1,2
1300,1,4
1301,4,5
1301,4,1
1302,1,1
1303,1,3
1303,1,1
1303,1,4
1304,2,1
1304,2,2
1304,2,4
1305,2,2
1305,2,5
1305,2,1
1306,1,3
1306,1,1
1307,2,4
1308,5,5
1308,5,2
1309,4,1
1309,4,3
1310,3,5
1311,6,1
1311,6,5
1311,6,2
1312,6,4
1312,6,1
1312,6,2
1313,3,4
1313,3,1
1314,6,1
1314,6,3
1315,1,5
1315,1,3
1315,1,4
1316,6,4
1317,3,1
1317,3,3
1317,3,5
1318,2,3
1319,2,2
1319,2,1
1320,3,4
1320,3,5
1320,3,2
1321,6,4
1322,1,2
1323,1,5
1324,3,3
1324,3,1
1325,2,2
1326,1,2
1326,1,3
1326,1,4
1327,4,1
1327,4,2
1327,4,3
1328,4,1
1329,4,4
1330,1,4
1330,1,1
1330,1,5
1331,1,2
1332,3,3
1333,1,2
1333,1,5
1333,1,4
1334,3,4
1335,3,4
1336,6,1
1336,6,3
1337,5,1
1337,5,2
1338,5,5
1339,2,1
1339,2,3
1340,1,4
1341,1,3
1342,4,3
1343,4,2
1343,4,3
1344,2,1
1344,2,2
1344,2,4
1345,2,3
1345,2,4
1346,6,3
1346,6,4
1346,6,5
1347,5,2
1347,5,5
1348,2,1
1349,2,1
1349,2,2
1350,2,3
1351,2,1
1351,2,5
1351,2,2
1352,3,5
1352,3,3
1352,3,1
1353,1,1
1353,1,4
1354,1,5
1355,3,3
1356,2,1
1356,2,3
1356,2,4
1357,5,5
1358,2,3
1358,2,2
1358,2,4
1359,2,2
1360,6,1
1361,2,5
1362,1,5
1363,3,3
1363,3,5
1364,4,5
1364,4,3
1365,2,1
1365,2,2
1365,2,5
1366,6,5
1367,1,3
1368,1,5
1369,6,3
1369,6,4
1369,6,5
1370,6,5
1370,6,2
1370,6,4
1371,5,3
1371,5,1
1371,5,4
1372,1,3
1373,1,3
1373,1,1
1374,1,2
1374,1,3
1374,1,4
1375,2,3
1376,3,1
1376,3,2
1377,5,1
1378,3,3
1378,3,1
1378,3,5
1379,2,5
1379,2,2
1380,2,1
1380,2,5
1381,5,4
1381,5,1
1382,1,4
1382,1,1
1382,1,5
1383,2,1
1383,2,2
1383,2,5
1384,2,2
1384,2,3
1385,6,5
1385,6,4
1385,6,1
1386,2,1
1387,3,3
1387,3,2
1388,2,2
1388,2,4
1388,2,5
1389,5,1
1390,4,3
1390,4,2
1391,1,4
1391,1,1
1391,1,5
1392,2,2
1392,2,3
1392,2,1
1393,2,1
1393,2,5
1393,2,4
1394,2,5
1394,2,2
1395,6,3
1395,6,1
1396,5,2
1396,5,3
1396,5,1
1397,3,1
1397,3,2
1397,3,5
1398,3,4
1398,3,3
1398,3,1
1399,4,5
1399,4,4
1399,4,2
1400,6,4
1400,6,3
1400,6,1
1401,3,3
1402,3,5
1403,2,1
1403,2,2
1403,2,4
1404,2,2
1404,2,1
1405,3,3
1405,3,2
1405,3,5
1406,2,5
1406,2,3
1406,2,1
1407,5,2
1407,5,3
1408,4,4
1408,4,5
1409,3,5
1409,3,2
1409,3,4
1410,3,5
1410,3,4
1410,3,3
1411,5,2
1411,5,5
1411,5,1
1412,4,3
1412,4,1
1413,4,4
1413,4,1
1414,1,3
1414,1,2
1415,2,2
1415,2,1
1415,2,5
1416,3,3
1417,5,3
1417,5,1
1417,5,2
1418,5,5
1418,5,2
1418,5,3
1419,4,5
1419,4,4
1420,4,3
1420,4,2
1421,2,4
1422,3,1
1423,2,1
1423,2,2
1424,6,1
1424,6,2
1424,6,5
1425,1,5
1426,6,1
1427,5,5
1428,3,1
1429,2,3
1430,4,4
1431,4,3
1431,4,4
1432,6,4
1432,6,2
1432,6,1
1433,6,2
1433,6,3
1434,4,3
1434,4,5
1434,4,1
1435,6,3
1436,2,3
1437,3,4
1437,3,3
1438,6,1
1438,6,2
1439,5,5
1440,5,5
1441,6,5
1441,6,1
1441,6,2
1442,6,2
1443,3,1
1443,3,3
1444,2,5
1444,2,1
1444,2,2
1445,5,2
1446,4,1
1446,4,3
1447,2,2
1447,2,3
1448,3,3
1448,3,2
1449,4,3
1449,4,4
1449,4,5
1450,1,2
1450,1,4
1451,3,1
1452,6,2
1453,2,5
1454,4,2
1455,4,4
1456,3,3
1457,3,3
1457,3,2
1457,3,1
1458,5,3
1458,5,1
1459,1,4
1460,3,3
1460,3,5
1461,4,2
1461,4,3
1461,4,5
1462,4,1
1462,4,2
1462,4,5
1463,2,2
1463,2,1
1463,2,4
1464,3,1
1464,3,3
1464,3,4
1465,2,5
1465,2,1
1466,6,1
1466,6,3
1467,5,5
1468,1,2
1468,1,4
1468,1,1
1469,5,3
1469,5,1
1470,4,5
1470,4,3
1470,4,4
1471,4,4
1471,4,1
1472,3,1
1472,3,2
1472,3,5
1473,1,1
1473,1,4
1474,3,1
1475,4,3
1475,4,4
1475,4,1
1476,3,2
1477,2,3
1477,2,4
1478,2,2
1479,4,1
1479,4,2
1480,5,3
1480,5,5
1481,6,4
1481,6,2
1481,6,5
1482,3,5
1482,3,1
1482,3,2
1483,2,3
1484,3,4
1484,3,1
1485,4,1
1485,4,4
1485,4,2
1486,3,2
1486,3,5
1486,3,3
1487,4,2
1487,4,4
1487,4,5
1488,4,2
1488,4,3
1489,6,1
1489,6,3
1489,6,5
1490,3,1
1490,3,2
1490,3,4
1491,6,3
1491,6,4
1492,2,3
1492,2,4
1493,3,5
1493,3,2
1494,2,1
1494,2,4
1495,5,2
1495,5,5
1496,5,2
1496,5,4
1497,6,2
1497,6,3
1498,6,4
1499,6,2
1500,4,3
1501,2,2
1501,2,1
1502,6,1
1502,6,5
1503,5,3
1503,5,2
1503,5,1
1504,5,2
1504,5,4
1505,3,2
1506,6,1
1507,2,2
1508,2,3
1508,2,5
1509,3,3
1509,3,4
1510,2,3
1510,2,2
1511,6,4
1511,6,5
1512,4,3
1513,4,1
1514,5,1
1514,5,2
1515,2,1
1515,2,2
1516,3,5
1516,3,4
1516,3,2
1517,1,5
1518,3,5
1519,4,3
1520,1,4
1520,1,3
1520,1,2
1521,2,2
1521,2,3
1521,2,1
1522,6,3
1522,6,4
1522,6,1
1523,4,3
1524,6,2
1524,6,4
1525,6,4
1526,4,1
1526,4,2
1527,2,4
1527,2,1
1528,6,2
1529,6,1
1529,6,5
1530,5,4
1530,5,5
1531,2,2
1532,3,1
1533,3,4
1533,3,5
1533,3,2
1534,2,3
1534,2,1
1534,2,2
1535,6,4
1535,6,5
1536,3,2
1536,3,1
1536,3,5
1537,4,2
1537,4,5
1538,5,4
1538,5,5
1539,3,1
1539,3,4
1539,3,5
1540,5,4
1540,5,2
1541,6,2
1541,6,4
1542,4,1
1542,4,4
1542,4,5
1543,2,1
1544,6,5
1544,6,2
1545,5,2
1546,1,5
1546,1,1
1546,1,2
1547,4,4
1547,4,2
1547,4,3
1548,1,3
1548,1,4
1548,1,1
1549,4,2
1549,4,1
1549,4,4
1550,6,4
1550,6,1
1550,6,3
1551,5,2
1551,5,4
1552,2,5
1552,2,4
1552,2,2
1553,3,3
1554,5,1
1554,5,5
1554,5,2
1555,4,5
1555,4,4
1555,4,1
1556,5,3
1556,5,4
1557,6,3
1557,6,1
1557,6,4
1558,2,3
1558,2,4
1558,2,5
1559,5,3
1559,5,4
1559,5,5
1560,5,2
1560,5,5
1560,5,3
1561,5,1
1561,5,4
1562,6,2
1562,6,1
1563,1,4
1563,1,2
1563,1,3
1564,4,5
1564,4,4
1565,1,4
1566,3,4
1566,3,5
1566,3,2
1567,2,5
1568,6,4
1568,6,2
1569,5,2
1569,5,4
1570,1,4
1571,1,1
1572,4,3
1572,4,5
1573,5,3
1574,6,5
1575,2,1
1575,2,2
1576,6,2
1576,6,1
1576,6,4
1577,4,4
1578,1,2
1578,1,5
1579,1,4
1580,2,1
1580,2,4
1580,2,2
1581,1,5
1581,1,4
1581,1,1
1582,4,2
1582,4,3
1582,4,5
1583,2,1
1583,2,4
1583,2,2
1584,4,1
1584,4,2
1585,2,1
1585,2,2
1585,2,3
1586,4,2
1587,1,2
1588,4,3
1588,4,5
1588,4,2
1589,6,1
1589,6,4
1590,2,1
1590,2,4
1591,1,3
1591,1,4
1591,1,2
1592,1,2
1592,1,4
1593,3,4
1593,3,1
1594,5,2
1594,5,5
1595,5,5
1596,4,2
1597,4,5
1597,4,3
1597,4,1
1598,5,5
1598,5,1
1598,5,4
1599,6,5
1599,6,1
1600,1,4
1600,1,3
1601,5,5
1601,5,3
1601,5,2
1602,2,3
1602,2,2
1603,4,2
1603,4,3
1604,6,5
1604,6,3
1604,6,1
1605,3,4
1605,3,1
1605,3,3
1606,5,3
1606,5,4
1607,2,1
1608,1,2
1608,1,4
1608,1,5
1609,2,3
1609,2,2
1610,1,4
1610,1,5
1610,1,3
1611,3,3
1611,3,4
1611,3,1
1612,4,5
1612,4,1
1612,4,3
1613,2,4
1613,2,1
1614,5,2
1614,5,1
1615,3,1
1615,3,5
1615,3,4
1616,4,5
1616,4,4
1617,4,4
1617,4,5
1618,2,1
1618,2,5
1618,2,4
1619,3,1
1620,6,2
1621,3,4
1621,3,3
1621,3,1
1622,2,5
1623,6,2
1624,5,3
1625,6,2
1625,6,5
1626,2,5
1627,4,1
1627,4,2
1628,6,3
1628,6,4
1629,3,1
1630,3,1
1631,4,3
1632,2,1
1632,2,3
1633,2,1
1634,5,5
1635,1,3
1635,1,5
1636,4,2
1636,4,3
1637,2,3
1637,2,1
1637,2,2
1638,6,3
1638,6,4
1639,5,5
1639,5,2
1639,5,4
1640,5,5
1640,5,3
1641,6,5
1642,3,2
1642,3,4
1642,3,1
1643,1,5
1643,1,4
1643,1,2
1644,2,4
1644,2,2
1644,2,1
1645,4,2
1645,4,1
1645,4,5
1646,5,2
1646,5,1
1646,5,5
1647,3,3
1648,5,2
1649,6,5
1649,6,3
1649,6,4
1650,1,5
1650,1,3
1650,1,2
1651,6,5
1652,1,5
1652,1,1
1652,1,2
1653,2,5
1653,2,1
1653,2,3
1654,6,2
1654,6,5
1654,6,4
1655,4,1
1656,6,3
1656,6,1
1657,4,1
1657,4,5
1658,6,4
1659,3,4
1659,3,1
1660,5,5
1660,5,4
1661,4,3
1661,4,1
1661,4,4
1662,1,1
1662,1,2
1662,1,3
1663,5,4
1663,5,1
1664,4,2
1664,4,4
1665,4,1
1665,4,3
1666,6,3
1667,1,5
1668,4,1
1668,4,2
1669,6,4
1669,6,5
1669,6,1
1670,5,5
1671,2,1
1672,2,1
1672,2,3
1673,3,2
1673,3,5
1673,3,3
1674,2,4
1674,2,3
1674,2,5
1675,5,1
1675,5,5
1676,1,2
1676,1,5
1677,1,1
1678,1,5
1679,4,3
1679,4,4
1680,1,2
1681,2,3
1682,3,4
1682,3,1
1682,3,3
1683,5,3
1684,1,1
1685,1,3
1686,4,3
1686,4,4
1687,6,3
1687,6,4
1688,2,2
1689,5,3
1689,5,1
1689,5,5
1690,5,3
1690,5,1
1690,5,2
1691,3,1
1691,3,4
1692,6,1
1693,5,3
1694,1,2
1695,1,5
1696,2,5
1696,2,2
1697,2,4
1697,2,5
1698,2,4
1699,3,1
1699,3,2
1700,3,2
1700,3,1
1701,2,3
1702,4,5
1702,4,3
1703,6,4
1704,4,4
1705,4,3
1706,6,4
1707,2,4
1707,2,3
1707,2,2
1708,6,2
1709,3,4
1710,5,1
1711,1,1
1711,1,3
1711,1,5
1712,3,5
1712,3,2
1712,3,1
1713,1,5
1713,1,2
1713,1,1
1714,5,2
1714,5,5
1714,5,1
1715,5,2
1716,6,1
1716,6,3
1717,3,3
1717,3,1
1717,3,4
1718,1,5
1718,1,4
1718,1,1
1719,6,2
1719,6,3
1720,1,1
1721,1,2
1721,1,4
1722,4,3
1723,4,1
1723,4,2
1724,5,3
1724,5,1
1724,5,5
1725,2,2
1725,2,3
1726,1,5
1726,1,4
1727,1,5
1727,1,2
1728,3,4
1729,5,2
1730,1,5
1730,1,4
1731,1,3
1732,4,4
1732,4,5
1732,4,2
1733,1,4
1733,1,1
1733,1,5
1734,3,1
1734,3,4
1734,3,3
1735,5,3
1735,5,2
1736,6,1
1737,6,5
1738,5,2
1738,5,1
1739,6,1
1739,6,3
1740,6,4
1740,6,5
1741,1,5
1741,1,3
1741,1,4
1742,1,1
1742,1,2
1743,1,1
1743,1,5
1744,3,5
1745,6,5
1746,2,5
1746,2,1
1746,2,4
1747,1,2
1747,1,5
1748,2,3
1748,2,2
1748,2,4
1749,5,5
1749,5,4
1750,5,3
1750,5,5
1751,4,1
1751,4,3
1752,4,3
1752,4,5
1753,1,5
1753,1,1
1753,1,2
1754,4,1
1754,4,3
1754,4,5
1755,5,5
1755,5,4
1755,5,3
1756,1,5
1756,1,3
1756,1,4
1757,6,5
1757,6,3
1757,6,2
1758,1,4
1759,5,2
1760,5,5
1760,5,1
1761,1,3
1761,1,5
1761,1,1
1762,2,2
1762,2,1
1763,3,5
1763,3,1
1763,3,4
1764,2,4
1765,1,4
1765,1,2
1766,2,5
1767,3,1
1767,3,3
1767,3,5
1768,5,2
1769,6,2
1769,6,5
1769,6,1
1770,3,4
1770,3,5
1771,3,3
1772,5,5
1773,3,5
1773,3,2
1774,2,2
1774,2,3
1775,1,2
1776,2,4
1776,2,1
1776,2,5
1777,3,3
1778,2,2
1779,1,3
1780,4,5
1780,4,3
1780,4,4
1781,1,1
1781,1,3
1781,1,5
1782,6,2
1782,6,4
1783,4,2
1783,4,5
1784,5,2
1785,6,1
1785,6,5
1785,6,3
1786,1,3
1786,1,5
1787,4,5
1787,4,3
1788,5,2
1789,1,3
1789,1,4
1789,1,5
1790,2,1
1791,5,1
1791,5,4
1791,5,3
1792,4,1
1793,1,1
1793,1,2
1794,1,4
1794,1,5
1795,3,1
1796,4,3
1796,4,1
1796,4,5
1797,1,4
1797,1,1
1798,6,2
1798,6,4
1799,1,1
1800,4,1
1800,4,2
1801,1,2
1801,1,3
1801,1,1
1802,2,3
1802,2,1
1803,2,2
1804,6,4
1805,1,3
1805,1,4
1805,1,5
1806,5,2
1806,5,3
1806,5,1
1807,6,1
1807,6,3
1808,3,3
1808,3,1
1809,1,2
1810,2,1
1810,2,3
1810,2,5
1811,3,2
1812,4,4
1812,4,5
1812,4,2
1813,6,4
1813,6,3
1814,1,3
1814,1,4
1815,2,5
1815,2,2
1815,2,4
1816,5,2
1817,5,1
1818,6,3
1818,6,1
1818,6,2
1819,1,3
1819,1,2
1819,1,1
1820,3,5
1820,3,1
1820,3,3
1821,1,4
1821,1,1
1821,1,5
1822,1,4
1822,1,1
1823,2,4
1823,2,1
1823,2,3
1824,5,2
1824,5,4
1824,5,3
1825,4,5
1826,6,3
1827,3,4
1827,3,2
1828,3,3
1829,2,4
1829,2,3
1829,2,1
1830,4,1
1830,4,2
1831,6,2
1832,1,2
1832,1,4
1833,5,4
1833,5,3
1833,5,5
1834,2,4
1834,2,5
1834,2,1
1835,4,2
1836,4,2
1836,4,3
1837,5,2
1837,5,5
1837,5,3
1838,3,2
1839,4,2
1840,4,1
1840,4,4
1841,3,5
1842,4,5
1842,4,3
1843,2,1
1843,2,3
1844,5,5
1844,5,2
1845,1,3
1845,1,5
1846,2,3
1847,5,4
1847,5,3
1847,5,5
1848,1,2
1848,1,4
1848,1,1
1849,1,5
1849,1,1
1850,6,3
1851,4,5
1852,3,1
1852,3,2
1852,3,4
1853,5,1
1853,5,2
1853,5,4
1854,1,2
1854,1,1
1855,6,4
1855,6,3
1855,6,2
1856,4,1
1856,4,3
1857,1,3
1857,1,1
1857,1,2
1858,5,3
1859,3,3
1860,2,4
1861,2,4
1861,2,2
1862,6,1
1862,6,4
1863,2,3
1864,1,3
1864,1,2
1865,3,1
1866,3,2
1866,3,3
1867,1,4
1867,1,5
1868,1,1
1868,1,3
1868,1,4
1869,6,1
1870,2,5
1871,1,4
1871,1,2
1871,1,5
1872,3,4
1872,3,5
1873,2,5
1873,2,2
1874,3,4
1874,3,5
1875,1,3
1876,4,2
1876,4,3
1876,4,1
1877,5,5
1877,5,3
1878,6,1
1878,6,2
1878,6,3
1879,4,4
1879,4,5
1879,4,1
1880,6,5
1881,2,4
1882,4,2
1883,1,5
1883,1,4
1884,4,5
1884,4,3
1885,5,5
1885,5,1
1885,5,3
1886,3,1
1886,3,4
1887,3,5
1887,3,1
1887,3,4
1888,3,3
1888,3,4
1889,2,1
1890,3,1
1890,3,4
1891,2,2
1891,2,5
1892,6,5
1892,6,4
1893,4,3
1893,4,1
1893,4,4
1894,6,2
1894,6,3
1895,3,1
1895,3,4
1896,1,4
1896,1,2
1897,1,5
1897,1,4
1897,1,2
1898,2,2
1899,6,3
1900,3,1
1900,3,3
1901,3,5
1902,4,4
1903,6,4
1903,6,3
1903,6,2
1904,1,1
1904,1,5
1905,6,5
1905,6,4
1906,4,1
1907,5,2
1907,5,5
1907,5,1
1908,5,2
1908,5,4
1909,5,4
1910,6,2
1910,6,1
1911,5,4
1912,3,5
1912,3,3
1912,3,2
1913,5,2
1913,5,5
1913,5,4
1914,5,2
1914,5,3
1915,3,1
1915,3,2
1915,3,3
1916,4,3
1917,4,5
1917,4,4
1918,5,5
1919,3,5
1919,3,3
1920,5,3
1921,5,3
1922,5,1
1923,2,3
1923,2,1
1924,1,1
1924,1,4
1924,1,3
1925,1,4
1925,1,1
1926,3,5
1926,3,1
1927,1,3
1927,1,2
1927,1,5
1928,5,2
1928,5,1
1929,6,5
1929,6,2
1930,6,2
1931,6,4
1931,6,1
1932,3,1
1933,4,4
1934,4,4
1934,4,5
1934,4,3
1935,3,2
1936,6,5
1936,6,2
1936,6,3
1937,4,3
1938,2,5
1938,2,4
1938,2,2
1939,3,5
1939,3,1
1940,3,4
1940,3,1
1940,3,2
1941,5,5
1941,5,2
1942,3,1
1942,3,5
1943,2,2
1943,2,5
1944,2,4
1945,4,3
1945,4,5
1946,6,2
1946,6,3
1946,6,5
1947,6,3
1947,6,2
1947,6,1
1948,1,3
1949,4,2
1949,4,4
1949,4,5
1950,2,3
1950,2,5
1950,2,2
1951,4,1
1951,4,5
1952,4,3
1952,4,4
1953,2,1
1953,2,4
1953,2,5
1954,6,4
1954,6,3
1954,6,5
1955,3,3
1956,4,5
1956,4,4
1957,3,4
1957,3,1
1958,1,1
1958,1,4
1958,1,3
1959,3,5
1960,4,1
1960,4,3
1961,1,4
1961,1,2
1961,1,1
1962,4,3
1962,4,1
1963,1,4
1964,6,4
1964,6,2
1964,6,5
1965,1,1
1966,1,5
1967,3,4
1967,3,3
1967,3,2
1968,6,2
1968,6,1
1969,3,3
1969,3,5
1970,1,4
1970,1,3
1970,1,5
1971,2,5
1971,2,3
1971,2,1
1972,1,4
1972,1,3
1972,1,2
1973,4,5
1974,5,4
1975,6,3
1975,6,1
1975,6,2
1976,4,4
1976,4,3
1977,2,4
1977,2,2
1978,3,1
1978,3,3
1978,3,4
1979,1,4
1979,1,5
1980,6,2
1980,6,1
1980,6,5
1981,5,1
1981,5,2
1982,4,1
1982,4,2
1982,4,3
1983,1,2
1984,1,4
1984,1,2
1985,1,1
1985,1,4
1985,1,3
1986,6,5
1986,6,3
1986,6,4
1987,4,2
1987,4,4
1988,4,5
1988,4,4
1989,5,4
1989,5,3
1989,5,5
1990,5,3
1990,5,4
1991,1,5
1992,6,4
1993,3,2
1993,3,3
1994,1,5
1995,4,1
1995,4,4
1996,2,3
1996,2,1
1996,2,4
1997,5,3
1997,5,4
1998,2,3
1999,1,1
1999,1,4
2000,4,2
2001,4,1
2002,2,1
2002,2,4
2002,2,5
2003,2,5
2003,2,4
2004,5,4
2004,5,5
2004,5,1
2005,6,5
2005,6,2
2006,1,2
2007,1,4
2008,3,4
2009,6,1
2010,2,4
2010,2,2
2010,2,5
2011,2,4
2012,2,5
2012,2,1
2012,2,4
2013,2,1
2014,5,4
2014,5,5
2015,2,4
2016,2,1
2016,2,3
2017,2,5
2017,2,1
2018,5,3
2018,5,4
2018,5,1
2019,2,2
2020,3,5
2020,3,2
2020,3,3
2021,1,3
2021,1,5
2021,1,2
2022,5,4
2023,3,4
2023,3,1
2024,4,1
2024,4,3
2025,3,1
2026,2,4
2026,2,3
2027,5,5
2028,2,2
2028,2,1
2029,3,3
2030,5,3
2030,5,4
2031,5,5
2031,5,4
2031,5,3
2032,5,5
2032,5,2
2033,3,2
2034,1,1
2035,1,4
2036,3,5
2036,3,4
2037,1,4
2037,1,3
2037,1,5
2038,1,3
2039,6,2
2039,6,1
2040,5,5
2041,3,1
2041,3,2
2041,3,4
2042,4,1
2043,5,4
2043,5,5
2043,5,1
2044,1,4
2045,2,3
2046,3,4
2046,3,5
2046,3,3
2047,1,1
2047,1,5
2048,6,5
2048,6,4
2049,1,1
2050,2,4
2051,3,1
2051,3,2
2052,6,1
2053,1,4
2053,1,3
2054,3,2
2054,3,4
2054,3,5
2055,2,5
2055,2,1
2055,2,3
2056,3,1
2056,3,4
2056,3,3
2057,4,3
2057,4,1
2058,2,4
2059,2,2
2059,2,5
2060,6,1
2061,5,4
2061,5,1
2061,5,3
2062,5,2
2063,2,2
2064,1,3
2065,4,5
2066,3,2
2066,3,3
2067,1,5
2067,1,2
2068,6,5
2068,6,1
2069,6,3
2069,6,4
2069,6,1
2070,6,5
2070,6,2
2070,6,4
2071,3,4
2071,3,3
2071,3,1
2072,4,4
2072,4,3
2072,4,1
2073,5,3
2073,5,5
2074,1,4
2075,5,4
2075,5,5
2076,4,1
2076,4,4
2077,5,1
2078,2,2
2079,1,5
2080,2,5
2081,5,1
2081,5,5
2082,1,5
2082,1,4
2082,1,2
2083,1,1
2084,1,2
2085,3,4
2086,1,5
2086,1,1
2087,5,4
2087,5,2
2087,5,5
2088,3,4
2088,3,1
2088,3,3
2089,6,1
2089,6,5
2090,3,2
2090,3,5
2090,3,3
2091,2,5
2092,3,3
2093,1,5
2093,1,1
2094,5,4
2094,5,2
2095,3,1
2095,3,2
2095,3,5
2096,2,2
2096,2,1
2097,5,5
2098,1,5
2098,1,1
2099,6,2
2099,6,4
2100,3,1
2101,3,5
2102,4,4
2102,4,3
2103,5,4
2103,5,2
2104,4,3
2105,4,2
2106,3,4
2106,3,3
2106,3,5
2107,6,2
2108,6,3
2108,6,1
2108,6,4
2109,2,5
2110,5,5
2110,5,2
2111,1,2
2112,2,5
2112,2,2
2113,1,3
2113,1,5
2113,1,2
2114,6,4
2115,5,1
2115,5,3
2116,6,2
2116,6,5
2116,6,1
2117,5,5
2118,5,4
2118,5,3
2119,2,4
2119,2,1
2119,2,3
2120,1,5
2121,4,3
2122,2,5
2122,2,1
2123,3,2
2123,3,5
2124,4,1
2125,5,4
2125,5,2
2125,5,5
2126,6,4
2126,6,1
2127,6,1
2127,6,2
2128,1,5
2129,6,1
2129,6,4
2129,6,5
2130,2,5
2130,2,1
2131,4,4
2131,4,1
2131,4,5
2132,5,2
2132,5,3
2133,5,2
2133,5,5
2134,1,2
2134,1,1
2135,6,3
2135,6,4
2135,6,1
2136,2,2
2136,2,4
2136,2,5
2137,1,3
2137,1,2
2137,1,4
2138,2,1
2138,2,4
2139,6,2
2139,6,4
2139,6,3
2140,5,5
2140,5,2
2140,5,3
2141,6,3
2142,6,4
2142,6,1
2142,6,5
2143,4,4
2143,4,2
2143,4,1
2144,3,2
2144,3,4
2144,3,1
2145,2,4
2146,6,1
2146,6,4
2146,6,2
2147,4,4
2148,5,4
2148,5,2
2148,5,5
2149,5,2
2150,1,3
2151,3,1
2152,3,4
2153,5,1
2154,3,5
2155,3,1
2156,4,2
2156,4,5
2156,4,1
2157,3,1
2157,3,3
2157,3,4
2158,5,1
2159,5,2
2159,5,3
2159,5,1
2160,3,2
2160,3,1
2161,6,1
2161,6,2
2161,6,5
2162,1,4
2163,5,1
2164,3,5
2165,2,2
2165,2,4
2166,5,5
2167,6,4
2167,6,1
2168,1,1
2169,4,2
2169,4,5
2170,5,4
2170,5,5
2170,5,3
2171,4,5
2172,5,1
2173,6,4
2173,6,5
2173,6,3
2174,1,3
2174,1,2
2175,6,4
2175,6,5
2175,6,3
2176,3,5
2177,3,5
2177,3,3
2178,2,3
2179,5,5
2180,5,1
2180,5,2
2180,5,3
2181,5,3
2181,5,1
2182,4,1
2183,1,4
2183,1,3
2183,1,2
2184,4,3
2184,4,1
2184,4,5
2185,1,3
2185,1,5
2186,6,2
2187,1,3
2188,4,1
2188,4,2
2189,3,5
2189,3,3
2190,4,1
2190,4,5
2191,4,5
2191,4,2
2191,4,3
2192,2,4
2193,2,1
2194,4,4
2194,4,3
2194,4,5
2195,3,2
2195,3,1
2196,3,5
2196,3,4
2197,4,4
2197,4,1
2198,1,4
2198,1,2
2198,1,5
2199,1,4
2199,1,5
2200,4,3
2200,4,2
2201,3,5
2201,3,1
2201,3,3
2202,2,4
2202,2,2
2203,4,2
2203,4,5
2204,4,4
2204,4,1
2205,1,1
2205,1,5
2205,1,3
2206,2,4
2207,4,1
2208,6,5
2208,6,4
2208,6,2
2209,5,4
2209,5,2
2210,1,4
2211,3,1
2211,3,3
2211,3,4
2212,5,1
2212,5,4
2212,5,2
2213,5,1
2213,5,5
2213,5,2
2214,1,3
2215,2,3
2215,2,1
2216,3,4
2216,3,3
2216,3,5
2217,2,2
2218,6,1
2218,6,4
2218,6,3
2219,1,1
2219,1,5
2220,5,4
2221,3,3
2221,3,5
2221,3,1
2222,2,2
2222,2,3
2223,4,4
2223,4,1
2224,6,2
2224,6,1
2224,6,5
2225,4,3
2225,4,4
2225,4,1
2226,5,5
2226,5,1
2226,5,3
2227,5,3
2227,5,2
2228,2,5
2228,2,2
2229,6,3
2230,5,3
2231,4,5
2231,4,3
2231,4,1
2232,3,2
2233,3,1
2234,3,4
2234,3,3
2234,3,2
2235,4,2
2236,4,2
2237,2,4
2237,2,2
2238,3,3
2238,3,1
2239,1,5
2239,1,4
2240,5,5
2240,5,2
2240,5,3
2241,3,4
2241,3,5
2242,6,1
2243,2,2
2243,2,4
2244,2,5
2245,6,5
2245,6,3
2245,6,1
2246,2,1
2246,2,4
2247,3,5
2247,3,4
2247,3,2
2248,2,3
2248,2,5
2249,2,2
2249,2,5
2250,3,3
2250,3,1
2250,3,4
2251,5,4
2251,5,5
2252,1,4
2252,1,3
2252,1,5
2253,1,3
2253,1,5
2254,3,4
2255,1,5
2255,1,3
2256,4,3
2257,6,2
2258,2,2
2258,2,4
2258,2,3
2259,3,1
2260,1,5
2260,1,1
2260,1,4
2261,6,5
2262,3,2
2262,3,1
2263,3,2
2263,3,5
2263,3,3
2264,2,2
2265,4,1
2266,5,4
2266,5,3
2267,1,2
2267,1,5
2268,3,4
2268,3,1
2268,3,2
2269,5,1
2269,5,5
2269,5,3
2270,3,1
2270,3,5
2271,3,4
2272,4,3
2272,4,1
2272,4,5
2273,3,5
2273,3,3
2274,5,1
2274,5,3
2274,5,4
2275,1,5
2276,4,1
2276,4,3
2277,2,4
2277,2,5
2277,2,1
2278,4,1
2278,4,2
2279,5,5
2280,4,3
2280,4,4
2280,4,2
2281,1,4
2282,2,2
2283,3,5
2284,2,3
2284,2,4
2285,3,2
2286,4,4
2286,4,1
2287,1,2
2288,2,2
2288,2,1
2289,2,5
2289,2,2
2290,2,1
2291,6,2
2291,6,1
2291,6,4
2292,2,3
2293,5,1
2294,3,4
2295,6,5
2296,5,3
2297,3,5
2297,3,1
2297,3,2
2298,3,5
2298,3,4
2299,2,1
2299,2,3
2299,2,2
2300,2,2
2301,1,1
2302,3,3
2302,3,4
2302,3,5
2303,6,4
2303,6,5
2303,6,3
2304,5,3
2304,5,5
2304,5,1
2305,2,4
2305,2,3
2306,5,5
2306,5,2
2307,4,3
2307,4,5
2307,4,2
2308,2,4
2309,1,2
2310,3,1
2311,1,2
2312,2,1
2312,2,3
2312,2,2
2313,5,4
2314,4,4
2314,4,2
2314,4,1
2315,4,2
2315,4,3
2316,2,1
2317,6,2
2318,5,5
2318,5,1
2318,5,3
2319,5,1
2319,5,5
2320,1,1
2321,4,5
2322,2,2
2322,2,1
2323,1,5
2323,1,1
2324,4,4
2324,4,3
2324,4,1
2325,3,4
2325,3,3
2326,2,4
2326,2,2
2327,5,1
2327,5,4
2328,2,3
2329,2,2
2329,2,4
2329,2,1
2330,1,3
2330,1,1
2331,3,2
2331,3,3
2332,1,3
2333,4,3
2333,4,4
2334,4,2
2334,4,5
2334,4,1
2335,5,5
2335,5,3
2335,5,2
2336,2,4
2336,2,1
2337,1,5
2338,3,3
2338,3,1
2339,6,1
2339,6,2
2339,6,4
2340,2,5
2341,5,3
2342,2,1
2342,2,3
2342,2,5
2343,4,1
2343,4,3
2344,4,3
2344,4,1
2344,4,4
2345,5,5
2345,5,4
2346,2,4
2346,2,1
2347,4,3
2347,4,4
2347,4,5
2348,1,3
2348,1,5
2349,4,3
2349,4,4
2349,4,5
2350,2,5
2350,2,4
2350,2,2
2351,2,3
2351,2,4
2352,3,2
2353,1,3
2354,2,1
2355,1,3
2356,2,2
2357,5,1
2357,5,3
2357,5,5
2358,2,1
2358,2,3
2358,2,5
2359,5,4
2359,5,2
2360,1,3
2360,1,2
2360,1,1
2361,3,2
2362,5,1
2362,5,4
2362,5,5
2363,3,1
2364,1,3
2364,1,2
2364,1,4
2365,2,2
2366,2,5
2367,1,3
2368,4,5
2369,1,3
2369,1,4
2369,1,2
2370,6,5
2370,6,4
2370,6,1
2371,5,1
2371,5,2
2372,1,2
2372,1,5
2373,1,4
2374,5,3
2375,2,1
2375,2,2
2376,6,1
2376,6,4
2377,2,3
2377,2,4
2378,2,5
2378,2,3
2378,2,1
2379,3,3
2379,3,2
2379,3,4
2380,5,3
2380,5,2
2380,5,4
2381,2,5
2381,2,3
2382,4,3
2383,5,1
2383,5,3
2384,4,4
2385,1,3
2386,5,5
2387,1,2
2387,1,3
2388,1,1
2389,1,5
2389,1,3
2389,1,4
2390,6,1
2390,6,4
2391,1,1
2391,1,3
2392,2,2
2392,2,3
2393,6,1
2393,6,4
2393,6,3
2394,5,2
2395,6,3
2395,6,4
2396,3,1
2396,3,5
2396,3,2
2397,4,1
2397,4,5
2398,1,2
2398,1,3
2399,4,3
2399,4,5
2399,4,2
2400,2,1
2400,2,3
2401,2,2
2401,2,4
2401,2,5
2402,3,4
2403,4,3
2404,6,4
2404,6,1
2405,6,5
2405,6,3
2405,6,2
2406,6,2
2406,6,3
2406,6,1
2407,3,1
2407,3,2
2408,6,3
2408,6,1
2409,4,4
2410,1,3
2410,1,5
2411,5,4
2411,5,1
2411,5,5
2412,6,2
2412,6,3
2413,3,2
2414,3,2
2414,3,4
2414,3,3
2415,5,4
2416,3,2
2416,3,3
2416,3,1
2417,1,1
2418,6,1
2419,4,3
2419,4,5
2420,5,5
2420,5,1
2420,5,3
2421,5,3
2421,5,4
2421,5,1
2422,2,3
2422,2,2
2423,2,5
2423,2,2
2424,1,5
2425,3,4
2425,3,5
2426,3,3
2427,6,1
2427,6,4
2427,6,2
2428,2,3
2429,2,3
2429,2,4
2429,2,2
2430,6,5
2431,2,3
2432,1,3
2432,1,5
2433,4,4
2434,6,2
2435,6,1
2436,4,2
2436,4,1
2436,4,3
2437,4,1
2438,5,1
2438,5,5
2438,5,4
2439,1,1
2439,1,2
2439,1,3
2440,3,4
2440,3,2
2441,3,5
2441,3,1
2441,3,4
2442,4,4
2442,4,1
2443,3,4
2443,3,5
2443,3,1
2444,4,4
2444,4,5
2444,4,2
2445,6,5
2445,6,3
2445,6,1
2446,3,1
2447,2,3
2447,2,1
2448,4,5
2448,4,2
2448,4,1
2449,1,1
2449,1,2
2449,1,4
2450,6,3
2451,1,1
2451,1,5
2451,1,2
2452,5,3
2453,3,2
2453,3,5
2454,3,4
2454,3,3
2455,2,2
2455,2,3
2456,6,5
2457,5,2
2457,5,4
2458,6,3
2459,1,5
2459,1,1
2459,1,4
2460,1,2
2460,1,3
2461,6,3
2461,6,4
2461,6,1
2462,4,1
2463,4,2
2464,4,1
2465,4,1
2466,6,5
2467,4,4
2468,3,5
2468,3,4
2468,3,1
2469,1,4
2470,3,5
2471,2,3
2471,2,5
2472,6,3
2472,6,1
2473,4,1
2473,4,5
2474,6,4
2474,6,5
2474,6,1
2475,4,2
2475,4,4
2476,1,2
2476,1,3
2477,2,2
2477,2,4
2478,1,4
2478,1,1
2479,5,1
2479,5,5
2480,2,5
2481,5,1
2482,1,2
2482,1,4
2482,1,5
2483,6,1
2483,6,2
2483,6,4
2484,6,5
2484,6,4
2484,6,2
2485,3,5
2485,3,3
2485,3,2
2486,4,2
2486,4,3
2487,5,4
2488,1,2
2488,1,1
2489,4,4
2489,4,1
2490,6,3
2491,1,4
2492,6,3
2493,5,3
2493,5,4
2494,1,2
2495,2,2
2495,2,3
2496,2,3
2497,2,5
2497,2,1
2497,2,3
2498,1,1
2499,6,1
2500,1,3
2501,4,1
2502,4,2
2503,6,4
2503,6,5
2504,5,4
2505,6,2
2505,6,3
2506,4,5
2506,4,3
2506,4,2
2507,1,4
2507,1,3
2507,1,2
2508,4,1
2509,6,5
2510,4,5
2510,4,3
2511,6,1
2512,4,2
2512,4,4
2513,2,2
2513,2,1
2514,3,5
2514,3,3
2514,3,1
2515,2,3
2515,2,4
2515,2,5
2516,2,5
2516,2,1
2516,2,4
2517,2,4
2517,2,1
2518,2,1
2518,2,4
2519,6,3
2519,6,1
2519,6,5
2520,4,4
2521,1,5
2522,5,2
2522,5,4
2522,5,3
2523,3,1
2523,3,3
2524,5,3
2524,5,1
2525,2,4
2525,2,2
2525,2,1
2526,1,1
2527,2,5
2527,2,4
2527,2,1
2528,4,5
2529,6,3
2530,5,5
2531,6,3
2531,6,2
2531,6,4
2532,3,3
2533,6,4
2533,6,2
2533,6,5
2534,5,3
2534,5,4
2535,3,3
2536,4,3
2536,4,4
2537,2,5
2537,2,4
2538,4,5
2538,4,1
2539,1,1
2540,1,1
2541,3,3
2542,2,2
2543,5,1
2543,5,5
2543,5,2
2544,3,3
2544,3,1
2544,3,4
2545,2,4
2546,1,5
2546,1,4
2546,1,2
2547,1,5
2548,1,5
2548,1,2
2548,1,1
2549,6,2
2550,2,1
2550,2,5
2551,4,5
2552,3,2
2552,3,5
2553,2,3
2553,2,5
2554,5,4
2554,5,1
2555,5,1
2556,5,4
2556,5,1
2557,6,1
2558,2,2
2558,2,5
2558,2,4
2559,2,1
2559,2,4
2560,6,1
2561,6,1
2561,6,3
2561,6,5
2562,1,2
2562,1,5
2563,2,3
2563,2,4
2564,2,3
2564,2,5
2565,3,1
2565,3,4
2566,4,2
2567,3,1
2568,5,3
2568,5,5
2569,6,4
2569,6,5
2569,6,2
2570,6,5
2570,6,1
2571,5,5
2571,5,1
2572,4,4
2572,4,3
2573,4,1
2573,4,4
2574,5,5
2575,2,3
2575,2,2
2576,2,2
2577,4,1
2577,4,5
2578,5,1
2578,5,3
2579,6,2
2579,6,5
2580,3,2
2580,3,3
2580,3,5
2581,1,1
2582,4,4
2582,4,3
2582,4,1
2583,6,3
2583,6,5
2584,5,5
2585,2,1
2585,2,3
2585,2,2
2586,6,1
2587,4,3
2587,4,2
2587,4,5
2588,4,1
2588,4,3
2588,4,5
2589,3,4
2590,5,4
2590,5,1
2590,5,3
2591,1,5
2591,1,1
2591,1,3
2592,3,4
2592,3,5
2592,3,2
2593,2,5
2593,2,1
2593,2,4
2594,5,1
2595,2,4
2595,2,1
2595,2,3
2596,1,4
2596,1,1
2596,1,2
2597,1,3
2597,1,1
2598,1,4
2598,1,1
2599,3,3
2599,3,4
2600,6,1
2600,6,4
2601,1,4
2601,1,3
2602,4,4
2603,3,2
2603,3,1
2603,3,4
2604,2,3
2604,2,2
2604,2,5
2605,6,3
2605,6,4
2605,6,5
2606,4,1
2606,4,5
2607,4,3
2607,4,1
2608,3,3
2608,3,1
2608,3,2
2609,2,5
2609,2,3
2609,2,1
2610,4,5
2611,4,1
2611,4,5
2611,4,2
2612,2,4
2612,2,5
2612,2,1
2613,3,5
2613,3,1
2614,1,3
2614,1,1
2614,1,5
2615,2,5
2615,2,4
2616,4,4
2616,4,3
2617,2,1
2617,2,4
2618,3,3
2618,3,5
2618,3,1
2619,3,2
2620,3,2
2621,2,3
2621,2,2
2621,2,5
2622,2,5
2622,2,2
2623,4,4
2623,4,3
2623,4,2
2624,3,2
2625,6,5
2625,6,3
2625,6,2
2626,4,1
2627,3,4
2628,4,3
2628,4,5
2628,4,1
2629,5,2
2629,5,5
2629,5,3
2630,4,1
2630,4,2
2631,4,5
2632,3,5
2632,3,2
2633,5,2
2634,4,1
2634,4,3
2634,4,4
2635,5,4
2635,5,1
2636,3,1
2636,3,4
2637,5,2
2637,5,4
2637,5,1
2638,4,2
2638,4,5
2638,4,4
2639,2,3
2639,2,2
2639,2,4
2640,2,2
2640,2,1
2641,3,5
2642,5,3
2642,5,2
2642,5,1
2643,3,4
2643,3,2
2643,3,5
2644,6,1
2645,3,4
2645,3,5
2646,1,3
2646,1,1
2647,1,5
2647,1,4
2648,3,1
2649,4,4
2650,6,2
2650,6,4
2651,2,3
2651,2,1
2652,3,5
2652,3,2
2652,3,1
2653,1,4
2653,1,2
2653,1,3
2654,4,5
2654,4,1
2655,5,1
2655,5,3
2656,2,4
2656,2,5
2656,2,1
2657,5,3
2657,5,2
2657,5,4
2658,4,5
2658,4,1
2658,4,3
2659,3,4
2660,4,4
2661,5,5
2661,5,1
2661,5,4
2662,3,4
2662,3,2
2663,1,2
2664,2,5
2664,2,2
2664,2,1
2665,6,4
2665,6,5
2665,6,1
2666,1,4
2666,1,5
2666,1,1
2667,4,3
2668,2,2
2668,2,3
2668,2,4
2669,4,3
2670,4,2
2670,4,1
2671,6,2
2672,4,5
2672,4,2
2672,4,1
2673,2,1
2674,5,4
2675,2,3
2675,2,1
2676,6,5
2677,3,3
2678,6,3
2678,6,2
2678,6,4
2679,1,5
2680,5,2
2680,5,1
2680,5,3
2681,4,1
2681,4,5
2681,4,4
2682,5,2
2682,5,1
2683,2,1
2683,2,3
2684,3,5
2684,3,2
2684,3,1
2685,6,3
2685,6,5
2686,3,5
2687,2,4
2688,1,3
2688,1,4
2688,1,5
2689,2,5
2689,2,1
2690,5,4
2690,5,3
2690,5,5
2691,1,3
2691,1,4
2691,1,5
2692,3,3
2692,3,2
2693,4,2
2694,6,5
2695,3,3
2695,3,2
2696,1,1
2696,1,3
2697,2,3
2697,2,4
2698,2,4
2699,2,2
2699,2,4
2700,3,5
2700,3,3
2701,4,4
2702,4,1
2702,4,2
2703,5,3
2703,5,1
2704,6,1
2705,6,1
2705,6,5
2706,6,3
2707,6,1
2707,6,5
2707,6,4
2708,6,4
2708,6,1
2708,6,2
2709,1,2
2709,1,1
2710,3,5
2711,3,5
2711,3,2
2712,4,2
2712,4,1
2713,6,5
2713,6,3
2714,5,2
2714,5,1
2715,4,1
2716,2,2
2716,2,1
2717,3,1
2717,3,5
2718,1,2
2718,1,3
2718,1,5
2719,5,2
2720,3,3
2720,3,5
2720,3,1
2721,6,3
2721,6,4
2721,6,5
2722,6,4
2722,6,3
2722,6,1
2723,1,4
2723,1,1
2723,1,3
2724,4,2
2724,4,3
2725,1,2
2725,1,4
2726,2,2
2726,2,1
2726,2,3
2727,2,5
2727,2,4
2727,2,1
2728,6,1
2728,6,3
2729,5,4
2729,5,2
2730,5,2
2731,2,3
2731,2,5
2732,1,3
2732,1,4
2732,1,1
2733,3,5
2733,3,1
2733,3,3
2734,4,4
2734,4,2
2735,5,2
2735,5,1
2736,6,2
2736,6,1
2737,2,3
2738,2,4
2739,2,5
2739,2,1
2739,2,4
2740,4,4
2740,4,3
2741,6,2
2741,6,1
2741,6,5
2742,6,2
2743,2,2
2743,2,3
2743,2,1
2744,6,1
2744,6,2
2745,1,3
2745,1,2
2745,1,4
2746,5,1
2746,5,4
2747,6,3
2747,6,2
2747,6,1
2748,6,3
2749,3,4
2749,3,1
2749,3,2
2750,3,3
2750,3,1
2750,3,4
2751,1,5
2751,1,3
2752,6,3
2753,4,3
2754,4,3
2755,4,3
2755,4,4
2755,4,2
2756,6,4
2756,6,2
2757,4,4
2757,4,1
2757,4,3
2758,1,1
2759,4,1
2760,2,2
2760,2,5
2761,4,4
2761,4,3
2762,6,5
2762,6,4
2762,6,3
2763,2,5
2763,2,4
2764,6,4
2764,6,5
2765,2,4
2765,2,3
2766,5,4
2766,5,5
2767,4,4
2767,4,5
2768,2,5
2768,2,1
2769,1,3
2770,1,5
2770,1,1
2770,1,2
2771,1,3
2771,1,1
2771,1,4
2772,2,3
2773,2,2
2774,1,4
2775,1,3
2775,1,5
2775,1,1
2776,6,2
2776,6,3
2776,6,4
2777,6,2
2777,6,1
2778,5,4
2778,5,1
2779,3,1
2780,5,5
2780,5,2
2781,3,5
2781,3,1
2782,2,3
2783,4,1
2783,4,2
2783,4,4
2784,3,1
2784,3,3
2785,5,5
2785,5,1
2786,2,5
2786,2,1
2787,2,2
2787,2,4
2787,2,5
2788,2,2
2788,2,4
2789,4,1
2789,4,5
2789,4,2
2790,4,5
2790,4,2
2791,6,1
2791,6,5
2792,5,1
2792,5,4
2792,5,2
2793,4,5
2794,1,1
2794,1,2
2795,5,3
2795,5,5
2796,2,2
2797,6,3
2797,6,1
2798,5,5
2799,5,2
2799,5,5
2800,4,1
2800,4,3
2800,4,4
2801,4,1
2801,4,2
2802,6,2
2803,6,1
2803,6,3
2803,6,2
2804,6,3
2804,6,5
2804,6,4
2805,1,3
2806,6,5
2807,2,4
2807,2,1
2807,2,2
2808,4,3
2808,4,5
2809,1,4
2810,3,1
2811,6,1
2811,6,5
2811,6,3
2812,6,1
2812,6,2
2813,3,5
2814,5,2
2815,3,3
2816,4,5
2817,5,4
2818,2,3
2819,1,5
2819,1,1
2820,5,5
2820,5,2
2821,3,4
2822,4,1
2822,4,3
2823,3,1
2823,3,5
2823,3,4
2824,5,4
2824,5,5
2825,6,4
2826,1,1
2827,1,2
2827,1,4
2828,2,2
2829,2,3
2830,3,5
2831,5,3
2831,5,1
2832,3,3
2833,1,5
2833,1,4
2834,5,2
2834,5,1
2835,2,1
2836,3,1
2837,1,1
2838,6,2
2838,6,3
2838,6,1
2839,1,4
2839,1,5
2840,1,4
2840,1,2
2840,1,3
2841,1,2
2842,3,4
2842,3,2
2842,3,1
2843,3,2
2843,3,3
2844,4,1
2844,4,4
2845,1,1
2846,4,4
2846,4,1
2847,3,2
2847,3,1
2847,3,5
2848,5,5
2848,5,3
2848,5,4
2849,6,3
2849,6,5
2849,6,2
2850,6,2
2850,6,5
2851,6,1
2851,6,5
2852,6,3
2852,6,1
2853,1,2
2854,5,2
2854,5,5
2855,1,2
2855,1,4
2855,1,3
2856,2,1
2856,2,4
2857,5,1
2857,5,5
2858,6,1
2858,6,4
2858,6,3
2859,5,4
2859,5,3
2860,5,2
2860,5,3
2860,5,5
2861,6,5
2861,6,2
2862,6,4
2862,6,5
2862,6,1
2863,6,2
2864,1,3
2864,1,4
2864,1,5
2865,3,3
2866,3,4
2867,6,1
2868,1,5
2868,1,1
2868,1,2
2869,1,5
2870,3,5
2870,3,3
2871,1,2
2871,1,4
2872,3,4
2872,3,5
2873,2,1
2874,1,5
2875,3,4
2875,3,2
2875,3,3
2876,4,4
2876,4,2
2876,4,1
2877,4,5
2877,4,4
2877,4,2
2878,5,4
2878,5,1
2879,3,1
2880,1,1
2881,6,2
2881,6,3
2882,2,2
2882,2,5
2882,2,3
2883,3,2
2883,3,4
2884,2,5
2885,5,2
2885,5,1
2885,5,5
2886,6,3
2886,6,4
2887,6,3
2888,1,2
2889,3,4
2889,3,3
2889,3,2
2890,5,4
2890,5,1
2891,6,3
2891,6,1
2892,2,2
2893,4,4
2893,4,2
2894,3,5
2894,3,2
2894,3,4
2895,4,3
2895,4,2
2895,4,1
2896,3,1
2896,3,4
2897,3,5
2897,3,3
2897,3,1
2898,5,2
2898,5,5
2898,5,3
2899,1,4
2899,1,1
2899,1,2
2900,2,2
2900,2,4
2900,2,1
2901,1,2
2901,1,5
2901,1,3
2902,5,5
2903,6,5
2904,1,4
2904,1,5
2905,1,3
2905,1,5
2906,4,4
2906,4,1
2907,5,1
2908,3,5
2908,3,4
2908,3,3
2909,4,3
2909,4,2
2910,3,5
2910,3,3
2911,4,1
2911,4,2
2911,4,3
2912,1,4
2912,1,3
2912,1,2
2913,4,5
2913,4,2
2914,4,4
2914,4,1
2915,5,3
2915,5,1
2915,5,5
2916,3,5
2917,1,5
2917,1,3
2917,1,1
2918,1,2
2918,1,4
2918,1,5
2919,5,4
2919,5,5
2920,1,5
2921,2,1
2922,4,5
2922,4,3
2922,4,2
2923,6,1
2924,1,4
2924,1,1
2925,4,2
2925,4,5
2925,4,1
2926,5,5
2926,5,4
2926,5,1
2927,5,2
2927,5,3
2928,6,5
2928,6,2
2928,6,3
2929,5,5
2929,5,3
2929,5,4
2930,6,2
2930,6,4
2931,6,5
2932,2,3
2933,4,3
2933,4,1
2934,6,5
2935,1,5
2935,1,3
2935,1,1
2936,4,1
2937,1,4
2937,1,3
2937,1,5
2938,1,4
2938,1,3
2939,3,2
2939,3,4
2940,5,1
2940,5,2
2941,4,1
2941,4,3
2942,4,1
2942,4,2
2943,5,4
2944,4,2
2945,1,1
2945,1,4
2946,1,2
2946,1,1
2946,1,3
2947,5,1
2948,5,3
2949,4,1
2949,4,2
2949,4,3
2950,4,4
2950,4,3
2950,4,1
2951,4,4
2951,4,2
2951,4,3
2952,3,3
2952,3,2
2953,5,1
2953,5,3
2954,6,5
2954,6,4
2955,6,2
2956,5,5
2956,5,1
2957,2,5
2957,2,3
2957,2,2
2958,6,2
2959,2,2
2959,2,4
2959,2,5
2960,2,2
2961,4,5
2961,4,3
2962,1,5
2962,1,3
2963,4,3
2963,4,2
2964,1,1
2965,6,3
2965,6,4
2966,3,5
2967,1,2
2968,3,5
2968,3,4
2968,3,2
2969,5,2
2970,2,3
2970,2,2
2970,2,4
2971,3,4
2972,2,2
2972,2,5
2972,2,1
2973,3,1
2974,3,1
2974,3,4
2974,3,5
2975,6,3
2975,6,5
2975,6,2
2976,5,2
2976,5,5
2977,1,3
2977,1,1
2977,1,2
2978,5,2
2978,5,1
2979,3,4
2979,3,5
2980,4,5
2980,4,4
2981,3,4
2982,4,4
2982,4,1
2983,6,1
2984,2,4
2985,5,2
2985,5,4
2986,3,1
2986,3,2
2986,3,4
2987,2,5
2987,2,4
2987,2,1
2988,3,4
2988,3,3
2988,3,5
2989,2,1
2989,2,3
2990,2,1
2991,5,5
2991,5,4
2991,5,2
2992,6,3
2992,6,2
2992,6,1
2993,5,5
2993,5,4
2993,5,2
2994,5,1
2994,5,4
2994,5,5
2995,2,3
2995,2,4
2996,3,1
2997,2,3
2998,4,1
2999,4,5
2999,4,2
3000,6,4
3000,6,1
3000,6,5
3001,2,1
3001,2,4
3002,1,5
3003,4,3
3003,4,4
3003,4,2
3004,6,1
3004,6,5
3005,4,4
3005,4,1
3005,4,2
3006,3,3
3006,3,1
3007,5,4
3007,5,1
3007,5,3
3008,1,3
3009,1,3
3010,6,1
3010,6,5
3011,3,3
3011,3,5
3012,5,3
3013,3,1
3013,3,2
3013,3,4
3014,4,2
3014,4,1
3014,4,4
3015,4,5
3015,4,1
3016,5,2
3017,4,5
3018,5,2
3018,5,3
3018,5,1
3019,2,1
3020,1,5
3020,1,3
3021,2,1
3021,2,3
3021,2,5
3022,1,2
3023,2,3
3023,2,1
3024,5,5
3024,5,4
3024,5,1
3025,3,4
3025,3,1
3025,3,3
3026,2,4
3027,2,4
3027,2,5
3028,4,5
3029,2,4
3030,4,4
3031,4,3
3032,4,1
3032,4,4
3032,4,2
3033,5,3
3034,5,1
3035,6,2
3035,6,5
3035,6,3
3036,2,3
3036,2,1
3036,2,5
3037,3,1
3037,3,3
3037,3,4
3038,3,1
3038,3,4
3039,1,1
3039,1,3
3039,1,5
3040,6,5
3040,6,2
3040,6,4
3041,3,1
3042,6,2
3042,6,5
3043,6,4
3043,6,1
3044,1,3
3044,1,2
3045,2,3
3046,3,1
3046,3,5
3046,3,4
3047,2,1
3047,2,3
3048,5,1
3048,5,2
3048,5,4
3049,3,5
3049,3,2
3049,3,4
3050,3,5
3050,3,2
3051,4,2
3051,4,4
3052,1,5
3053,2,5
3054,1,5
3054,1,3
3055,5,1
3055,5,4
3056,4,3
3056,4,5
3056,4,2
3057,2,3
3057,2,4
3057,2,1
3058,1,2
3058,1,1
3058,1,3
3059,5,4
3059,5,5
3060,5,5
3060,5,1
3061,4,2
3062,2,3
3062,2,5
3062,2,4
3063,6,3
3063,6,2
3063,6,1
3064,1,5
3064,1,3
3065,6,4
3065,6,3
3066,4,5
3066,4,1
3067,2,2
3067,2,5
3067,2,1
3068,5,4
3068,5,1
3069,6,4
3069,6,3
3070,2,1
3070,2,2
3070,2,3
3071,4,1
3071,4,5
3072,4,5
3073,4,4
3074,4,5
3074,4,1
3075,6,5
3076,1,5
3077,1,5
3077,1,1
3077,1,3
3078,5,2
3078,5,4
3078,5,3
3079,3,1
3080,2,1
3081,3,4
3081,3,1
3082,2,3
3082,2,5
3082,2,4
3083,6,3
3083,6,5
3084,6,2
3085,4,4
3085,4,5
3086,6,1
3087,5,1
3087,5,3
3087,5,5
3088,4,1
3089,2,3
3089,2,5
3089,2,4
3090,1,2
3090,1,4
3090,1,5
3091,5,2
3091,5,1
3091,5,5
3092,1,3
3092,1,1
3093,1,4
3093,1,2
3094,4,1
3094,4,5
3094,4,4
3095,1,5
3095,1,4
3095,1,3
3096,2,3
3096,2,1
3097,1,2
3097,1,4
3098,1,2
3098,1,5
3099,2,5
3100,6,3
3100,6,4
3101,3,2
3101,3,1
3101,3,5
3102,2,2
3102,2,3
3102,2,5
3103,2,5
3103,2,1
3103,2,3
3104,3,4
3105,6,2
3106,3,4
3106,3,1
3107,4,5
3107,4,1
3107,4,4
3108,2,4
3108,2,5
3109,6,1
3110,1,1
3111,3,3
3112,6,2
3112,6,4
3112,6,3
3113,6,5
3113,6,2
3114,4,3
3115,6,3
3115,6,1
3115,6,5
3116,6,1
3116,6,3
3117,4,3
3117,4,1
3117,4,5
3118,4,4
3119,1,4
3119,1,5
3120,5,2
3121,6,4
3121,6,1
3121,6,5
3122,4,5
3122,4,2
3122,4,1
3123,1,1
3123,1,4
3123,1,2
3124,6,1
3124,6,3
3124,6,4
3125,5,3
3125,5,5
3125,5,4
3126,5,4
3126,5,1
3126,5,2
3127,6,3
3128,4,4
3129,1,4
3129,1,5
3130,4,2
3130,4,5
3131,3,3
3131,3,4
3132,6,1
3132,6,4
3133,5,2
3134,4,4
3134,4,2
3134,4,5
3135,3,2
3136,4,1
3136,4,3
3136,4,2
3137,4,2
3138,4,4
3139,4,4
3139,4,2
3139,4,3
3140,3,4
3140,3,2
3141,1,2
3141,1,3
3142,5,5
3143,5,1
3143,5,3
3143,5,5
3144,6,5
3144,6,3
3145,6,3
3145,6,5
3145,6,2
3146,4,4
3147,5,5
3147,5,3
3147,5,4
3148,2,5
3148,2,2
3148,2,1
3149,2,5
3150,3,2
3151,3,1
3152,1,3
3152,1,2
3153,1,4
3154,5,3
3154,5,2
3154,5,4
3155,6,5
3155,6,3
3155,6,2
3156,3,3
3156,3,1
3157,2,3
3157,2,4
3158,2,3
3159,3,3
3160,2,3
3160,2,1
3160,2,2
3161,6,1
3162,4,4
3162,4,3
3163,6,4
3164,6,1
3165,3,2
3166,2,4
3167,4,1
3167,4,3
3167,4,2
3168,5,2
3168,5,1
3169,2,1
3170,6,4
3170,6,1
3171,2,5
3171,2,1
3172,2,5
3172,2,3
3172,2,2
3173,1,1
3173,1,2
3173,1,3
3174,5,5
3174,5,1
3174,5,3
3175,1,1
3175,1,5
3176,3,2
3176,3,3
3177,2,1
3178,5,3
3178,5,2
3179,6,5
3180,1,4
3180,1,5
3180,1,1
3181,4,4
3182,1,4
3182,1,5
3182,1,2
3183,3,3
3184,6,3
3184,6,4
3184,6,1
3185,3,3
3186,4,1
3186,4,5
3186,4,3
3187,6,5
3187,6,3
3188,2,5
3188,2,1
3189,4,3
3189,4,4
3189,4,2
3190,1,4
3191,1,5
3191,1,2
3192,3,2
3193,4,1
3193,4,3
3194,6,4
3195,5,4
3196,1,5
3197,1,4
3197,1,1
3198,3,5
3198,3,4
3198,3,3
3199,1,4
3200,6,1
3201,6,4
3202,1,5
3202,1,3
3203,1,4
3203,1,1
3204,1,2
3205,4,3
3206,6,1
3206,6,4
3206,6,5
3207,2,5
3207,2,1
3208,4,1
3209,1,3
3210,1,2
3210,1,4
3210,1,1
3211,5,4
3211,5,1
3212,1,3
3212,1,2
3212,1,5
3213,2,5
3213,2,2
3213,2,1
3214,4,5
3214,4,1
3215,3,4
3215,3,5
3215,3,1
3216,5,1
3216,5,3
3217,5,4
3217,5,1
3218,6,1
3219,2,4
3220,6,1
3220,6,3
3220,6,4
3221,3,1
3221,3,4
3221,3,5
3222,4,5
3222,4,2
3222,4,3
3223,3,5
3224,5,5
3224,5,4
3224,5,2
3225,4,4
3226,5,1
3226,5,3
3227,2,1
3227,2,5
3228,2,1
3228,2,4
3228,2,3
3229,3,1
3229,3,2
3230,3,3
3230,3,2
3231,5,1
3231,5,2
3232,5,1
3232,5,3
3233,6,4
3234,2,5
3235,3,1
3235,3,2
3235,3,4
3236,4,3
3237,1,2
3237,1,1
3237,1,4
3238,5,5
3239,2,2
3240,1,4
3240,1,2
3240,1,1
3241,3,4
3242,5,2
3243,4,2
3243,4,4
3243,4,3
3244,4,3
3244,4,4
3244,4,1
3245,5,4
3245,5,3
3246,1,3
3246,1,1
3247,3,5
3248,4,3
3248,4,5
3248,4,1
3249,2,4
3250,6,3
3251,5,3
3251,5,1
3251,5,4
3252,4,4
3252,4,3
3253,6,3
3253,6,1
3253,6,4
3254,4,1
3255,3,5
3255,3,3
3255,3,4
3256,6,3
3256,6,2
3257,2,2
3257,2,3
3257,2,5
3258,2,5
3258,2,3
3259,1,2
3260,2,3
3260,2,1
3260,2,2
3261,1,2
3262,4,2
3262,4,5
3263,6,3
3263,6,4
3264,2,2
3265,6,2
3266,4,2
3266,4,1
3266,4,5
3267,4,1
3267,4,2
3268,3,1
3269,2,2
3270,5,2
3270,5,5
3271,2,4
3271,2,5
3271,2,3
3272,3,5
3272,3,1
3272,3,3
3273,4,1
3274,5,3
3275,3,2
3275,3,5
3275,3,1
3276,3,1
3277,5,5
3278,2,1
3278,2,2
3278,2,3
3279,6,1
3279,6,4
3279,6,3
3280,4,2
3280,4,5
3280,4,1
3281,6,5
3282,2,1
3282,2,2
3282,2,3
3283,3,5
3283,3,1
3283,3,3
3284,1,5
3284,1,4
3284,1,1
3285,1,1
3286,1,2
3286,1,4
3286,1,3
3287,6,5
3287,6,1
3287,6,3
3288,6,3
3289,6,2
3290,6,5
3290,6,4
3291,2,5
3292,1,3
3293,5,5
3293,5,1
3293,5,2
3294,4,5
3294,4,4
3294,4,2
3295,6,5
3295,6,4
3295,6,3
3296,1,4
3297,1,5
3297,1,4
3298,3,1
3298,3,2
3298,3,4
3299,6,4
3299,6,3
3300,6,2
3300,6,5
3301,4,3
3301,4,4
3301,4,2
3302,1,3
3302,1,1
3302,1,5
3303,3,5
3303,3,2
3303,3,3
3304,1,1
3304,1,2
3305,5,1
3305,5,4
3305,5,2
3306,1,2
3306,1,5
3307,5,3
3307,5,1
3307,5,4
3308,3,4
3308,3,5
3309,3,5
3309,3,2
3309,3,4
3310,2,5
3311,2,3
3312,4,4
3312,4,3
3312,4,5
3313,1,4
3313,1,1
3314,4,1
3314,4,2
3315,6,5
3315,6,3
3316,2,3
3316,2,5
3317,6,4
3318,1,5
3318,1,2
3319,6,2
3319,6,4
3319,6,1
3320,6,3
3321,6,4
3321,6,1
3322,2,1
3322,2,5
3322,2,2
3323,2,5
3323,2,4
3324,3,1
3324,3,3
3325,4,4
3325,4,5
3326,6,5
3326,6,3
3327,2,1
3327,2,3
3327,2,2
3328,4,1
3329,5,1
3329,5,4
3330,6,1
3331,2,1
3331,2,2
3332,1,2
3333,1,3
3333,1,4
3333,1,1
3334,1,3
3334,1,5
3335,1,2
3335,1,5
3336,6,3
3336,6,1
3336,6,5
3337,1,3
3337,1,5
3337,1,1
3338,5,1
3338,5,3
3339,1,5
3339,1,3
3339,1,4
3340,5,4
3340,5,1
3340,5,3
3341,5,4
3342,5,3
3342,5,4
3343,2,3
3343,2,4
3343,2,2
3344,1,2
3344,1,4
3344,1,3
3345,5,4
3346,4,1
3346,4,5
3346,4,3
3347,5,4
3347,5,2
3347,5,3
3348,1,2
3349,6,3
3349,6,1
3350,1,4
3350,1,3
3351,3,4
3351,3,3
3352,5,2
3353,1,1
3353,1,4
3354,2,3
3355,5,3
3355,5,1
3356,6,2
3357,2,2
3358,3,2
3358,3,1
3359,6,2
3359,6,4
3360,3,3
3360,3,4
3360,3,5
3361,1,1
3362,3,5
3362,3,3
3362,3,1
3363,5,3
3363,5,1
3363,5,4
3364,5,1
3364,5,5
3365,2,3
3366,5,5
3366,5,3
3366,5,1
3367,6,2
3367,6,5
3368,1,1
3369,5,4
3370,6,5
3370,6,3
3370,6,2
3371,2,5
3371,2,3
3372,1,2
3372,1,1
3373,3,3
3373,3,2
3374,6,1
3375,2,5
3376,6,4
3376,6,2
3377,4,2
3377,4,4
3378,4,3
3379,4,1
3380,1,5
3380,1,1
3380,1,2
3381,2,4
3381,2,5
3381,2,3
3382,4,1
3382,4,5
3383,4,2
3383,4,4
3383,4,1
3384,2,3
3384,2,1
3384,2,4
3385,5,5
3386,6,5
3386,6,2
3387,1,5
3387,1,2
3387,1,4
3388,5,2
3388,5,3
3389,1,5
3390,2,4
3390,2,2
3391,2,4
3391,2,1
3392,6,5
3392,6,4
3392,6,3
3393,6,2
3393,6,3
3393,6,5
3394,4,2
3394,4,4
3395,5,3
3395,5,4
3396,1,3
3397,3,4
3397,3,2
3397,3,5
3398,5,4
3398,5,2
3399,3,5
3400,4,1
3400,4,4
3400,4,5
3401,6,2
3402,3,4
3403,4,5
3403,4,1
3404,1,2
3404,1,1
3404,1,5
3405,3,3
3405,3,2
3406,6,4
3407,2,5
3408,1,5
3408,1,4
3408,1,2
3409,1,1
3409,1,3
3409,1,4
3410,1,3
3411,3,3
3411,3,4
3411,3,1
3412,6,4
3413,5,2
3413,5,5
3414,2,3
3415,6,1
3415,6,4
3415,6,5
3416,6,5
3417,2,4
3417,2,3
3418,1,3
3418,1,5
3419,5,1
3420,4,2
3420,4,1
3421,4,5
3422,2,4
3422,2,3
3422,2,2
3423,5,1
3423,5,5
3424,4,5
3424,4,4
3424,4,3
3425,5,4
3425,5,5
3426,5,2
3426,5,5
3426,5,4
3427,3,2
3427,3,4
3427,3,3
3428,2,1
3428,2,4
3428,2,3
3429,1,5
3429,1,1
3429,1,3
3430,5,4
3430,5,2
3430,5,1
3431,5,5
3431,5,2
3432,1,2
3432,1,1
3432,1,4
3433,6,2
3434,3,2
3434,3,3
3435,2,5
3436,6,2
3436,6,1
3436,6,3
3437,4,2
3437,4,4
3438,5,4
3438,5,5
3439,2,3
3439,2,5
3440,4,2
3440,4,5
3441,4,3
3442,6,3
3443,3,4
3443,3,5
3444,6,5
3444,6,3
3444,6,4
3445,1,1
3445,1,3
3445,1,4
3446,6,3
3446,6,4
3447,1,2
3447,1,1
3448,4,2
3449,4,5
3449,4,2
3449,4,1
3450,4,2
3450,4,4
3451,4,3
3452,6,3
3453,1,5
3454,5,5
3454,5,1
3454,5,4
3455,4,4
3456,4,3
3457,4,2
3457,4,3
3457,4,1
3458,2,5
3458,2,4
3458,2,3
3459,6,3
3459,6,4
3460,5,5
3461,5,3
3461,5,2
3461,5,5
3462,2,3
3462,2,1
3463,4,2
3464,2,4
3465,4,1
3466,5,5
3466,5,1
3467,5,4
3467,5,1
3468,6,2
3469,6,3
3470,3,1
3470,3,2
3471,1,1
3472,1,2
3473,6,5
3473,6,1
3474,6,4
3475,4,3
3475,4,1
3475,4,5
3476,6,4
3476,6,3
3476,6,1
3477,2,2
3477,2,3
3477,2,5
3478,4,1
3478,4,4
3479,4,5
3479,4,2
3479,4,1
3480,2,1
3481,5,5
3481,5,2
3481,5,3
3482,2,3
3483,2,5
3483,2,1
3484,4,1
3485,4,4
3485,4,1
3485,4,5
3486,4,3
3486,4,5
3486,4,4
3487,4,1
3487,4,3
3488,5,5
3489,6,4
3490,5,1
3490,5,4
3491,1,1
3491,1,3
3492,5,1
3493,6,2
3493,6,5
3493,6,1
3494,6,1
3494,6,2
3495,2,2
3495,2,3
3495,2,1
3496,4,1
3497,6,2
3498,4,2
3499,1,2
3499,1,1
3499,1,4
3500,4,5
3500,4,2
3500,4,3
3501,3,3
3501,3,1
3501,3,2
3502,2,4
3503,2,3
3504,5,2
3505,6,1
3506,5,3
3506,5,1
3506,5,2
3507,6,1
3508,6,1
3508,6,3
3508,6,5
3509,5,2
3509,5,1
3509,5,4
3510,5,5
3510,5,4
3511,1,3
3511,1,2
3511,1,5
3512,4,1
3512,4,3
3512,4,4
3513,3,3
3514,5,5
3515,5,3
3515,5,1
3515,5,5
3516,2,4
3516,2,1
3516,2,2
3517,3,2
3517,3,1
3518,5,1
3518,5,5
3518,5,4
3519,5,3
3519,5,2
3520,1,1
3520,1,4
3520,1,3
3521,2,1
3521,2,5
3522,3,3
3522,3,1
3522,3,4
3523,3,5
3523,3,2
3524,5,4
3525,4,3
3525,4,4
3526,4,1
3527,4,1
3527,4,2
3527,4,3
3528,2,4
3529,4,4
3530,3,2
3530,3,5
3531,5,4
3531,5,2
3531,5,5
3532,4,2
3532,4,1
3532,4,3
3533,4,3
3533,4,4
3533,4,2
3534,3,4
3534,3,1
3535,1,4
3535,1,1
3536,5,4
3537,2,3
3537,2,5
3537,2,4
3538,5,1
3539,3,1
3540,6,5
3540,6,4
3541,5,3
3542,1,2
3543,3,2
3543,3,3
3543,3,4
3544,1,4
3544,1,1
3544,1,2
3545,1,2
3545,1,1
3545,1,5
3546,6,4
3546,6,5
3546,6,3
3547,3,1
3547,3,2
3548,1,2
3549,4,2
3549,4,3
3549,4,5
3550,1,3
3551,4,2
3552,3,1
3552,3,4
3553,4,5
3553,4,3
3554,5,1
3554,5,5
3555,5,4
3555,5,2
3556,2,3
3557,5,3
3557,5,1
3557,5,5
3558,1,4
3559,2,3
3560,5,5
3560,5,2
3561,3,4
3561,3,1
3561,3,2
3562,4,1
3562,4,3
3563,3,4
3563,3,3
3563,3,5
3564,1,1
3564,1,4
3565,5,5
3566,5,2
3567,4,5
3567,4,1
3568,1,2
3568,1,5
3569,6,3
3569,6,2
3570,1,5
3571,3,2
3571,3,1
3572,5,2
3572,5,4
3572,5,3
3573,4,5
3573,4,2
3574,1,1
3575,1,2
3576,6,5
3577,3,2
3577,3,1
3578,1,3
3578,1,4
3578,1,2
3579,1,5
3579,1,1
3580,6,3
3581,5,1
3581,5,3
3582,2,3
3582,2,4
3582,2,2
3583,3,5
3583,3,3
3583,3,1
3584,3,4
3584,3,3
3584,3,5
3585,5,5
3586,6,1
3586,6,3
3587,6,3
3587,6,2
3588,2,1
3588,2,3
3588,2,2
3589,5,3
3589,5,5
3590,4,1
3590,4,2
3590,4,3
3591,5,1
3592,4,4
3593,3,5
3593,3,3
3593,3,4
3594,6,3
3594,6,2
3595,4,5
3596,1,2
3597,6,5
3597,6,3
3597,6,4
3598,2,4
3598,2,3
3598,2,1
3599,6,5
3599,6,4
3600,1,2
3600,1,1
3600,1,5
3601,2,3
3601,2,5
3601,2,1
3602,5,3
3602,5,4
3602,5,5
3603,2,4
3603,2,3
3603,2,1
3604,1,2
3604,1,5
3605,1,1
3605,1,5
3605,1,3
3606,1,5
3606,1,2
3607,6,1
3607,6,2
3608,2,1
3609,3,5
3609,3,3
3609,3,2
3610,6,2
3611,1,1
3612,1,4
3612,1,3
3613,6,4
3613,6,2
3614,5,4
3614,5,2
3614,5,1
3615,4,3
3616,6,2
3616,6,5
3616,6,4
3617,1,1
3617,1,5
3617,1,2
3618,4,3
3618,4,1
3619,3,3
3619,3,5
3620,2,4
3620,2,3
3620,2,1
3621,5,4
3621,5,5
3622,1,3
3623,4,2
3623,4,5
3623,4,3
3624,6,5
3624,6,4
3624,6,1
3625,6,4
3625,6,5
3626,5,1
3626,5,4
3627,3,4
3628,2,4
3628,2,5
3629,2,4
3629,2,5
3630,2,1
3630,2,4
3631,2,2
3632,2,3
3632,2,5
3633,4,4
3633,4,1
3633,4,2
3634,5,1
3635,2,4
3636,1,4
3636,1,5
3636,1,3
3637,6,5
3637,6,2
3638,5,2
3638,5,3
3638,5,4
3639,1,4
3639,1,2
3639,1,1
3640,4,3
3640,4,2
3641,2,5
3641,2,2
3642,1,3
3642,1,1
3642,1,2
3643,1,2
3643,1,5
3644,4,5
3644,4,3
3645,6,4
3645,6,3
3646,2,4
3647,1,2
3647,1,5
3647,1,3
3648,2,4
3649,3,1
3649,3,5
3649,3,4
3650,2,5
3650,2,4
3651,4,4
3651,4,1
3652,6,2
3652,6,3
3653,6,3
3653,6,1
3653,6,4
3654,4,5
3654,4,1
3655,2,3
3655,2,5
3656,3,5
3656,3,1
3656,3,3
3657,6,4
3657,6,1
3657,6,3
3658,5,4
3658,5,3
3659,4,4
3659,4,5
3659,4,1
3660,3,3
3660,3,4
3660,3,2
3661,2,4
3661,2,1
3662,4,4
3663,6,2
3664,6,2
3664,6,4
3665,3,2
3665,3,5
3666,1,1
3666,1,2
3667,6,4
3668,3,4
3669,4,3
3669,4,4
3670,6,4
3670,6,2
3671,1,1
3671,1,4
3671,1,3
3672,6,4
3673,3,4
3674,3,4
3674,3,2
3674,3,3
3675,4,4
3676,6,4
3676,6,5
3677,5,3
3678,3,4
3678,3,5
3679,4,4
3679,4,1
3680,6,3
3680,6,1
3681,4,2
3682,3,1
3682,3,2
3683,1,3
3684,6,3
3684,6,5
3684,6,4
3685,4,2
3685,4,3
3686,5,3
3686,5,1
3686,5,2
3687,4,3
3687,4,2
3688,2,1
3688,2,3
3689,3,1
3689,3,5
3689,3,3
3690,6,3
3690,6,4
3690,6,5
3691,3,5
3692,3,2
3693,3,1
3693,3,4
3693,3,5
3694,2,2
3695,3,1
3695,3,3
3695,3,2
3696,3,4
3696,3,1
3697,6,2
3697,6,5
3698,1,1
3698,1,3
3698,1,5
3699,3,5
3699,3,2
3699,3,3
3700,4,4
3700,4,1
3700,4,2
3701,6,4
3701,6,2
3701,6,5
3702,4,5
3702,4,3
3702,4,2
3703,5,5
3703,5,1
3703,5,4
3704,5,2
3705,6,5
3706,4,4
3706,4,3
3706,4,5
3707,3,2
3707,3,1
3708,5,1
3708,5,3
3709,2,1
3709,2,4
3710,6,4
3711,6,1
3711,6,2
3712,3,4
3713,5,3
3714,2,5
3714,2,3
3715,3,5
3716,5,1
3716,5,5
3717,6,5
3717,6,1
3718,2,5
3718,2,1
3718,2,2
3719,6,4
3719,6,3
3719,6,5
3720,3,5
3720,3,4
3720,3,2
3721,6,3
3721,6,1
3721,6,4
3722,5,5
3722,5,2
3723,4,4
3723,4,1
3723,4,5
3724,6,5
3724,6,2
3724,6,4
3725,2,2
3725,2,3
3725,2,4
3726,4,3
3726,4,5
3727,4,5
3727,4,1
3728,2,4
3728,2,2
3729,4,1
3729,4,5
3729,4,3
3730,4,5
3730,4,3
3730,4,1
3731,3,1
3731,3,3
3732,5,3
3732,5,4
3732,5,5
3733,3,2
3733,3,3
3733,3,5
3734,2,4
3734,2,5
3734,2,1
3735,2,2
3735,2,1
3736,1,1
3736,1,2
3737,6,1
3737,6,4
3737,6,5
3738,4,5
3738,4,4
3739,4,1
3740,3,2
3740,3,5
3741,5,5
3742,4,4
3742,4,2
3743,1,5
3743,1,3
3744,5,1
3744,5,5
3745,5,3
3746,3,1
3746,3,2
3746,3,4
3747,2,1
3748,2,2
3748,2,5
3749,6,3
3750,4,2
3750,4,1
3751,5,3
3752,5,2
3753,2,4
3753,2,1
3754,6,1
3755,6,4
3755,6,3
3756,3,2
3756,3,1
3756,3,4
3757,3,5
3757,3,4
3757,3,1
3758,2,5
3758,2,2
3759,6,5
3759,6,4
3759,6,1
3760,4,5
3760,4,4
3760,4,1
3761,5,3
3762,6,4
3762,6,3
3763,3,3
3763,3,2
3763,3,1
3764,5,1
3764,5,4
3764,5,2
3765,1,5
3765,1,1
3765,1,2
3766,3,1
3767,1,5
3767,1,4
3767,1,1
3768,6,5
3768,6,4
3768,6,2
3769,3,3
3769,3,2
3770,3,3
3770,3,2
3770,3,4
3771,1,4
3771,1,1
3772,3,1
3772,3,3
3773,6,4
3773,6,2
3773,6,1
3774,1,1
3774,1,4
3775,5,1
3775,5,5
3775,5,3
3776,2,1
3776,2,2
3776,2,3
3777,5,2
3778,3,2
3779,4,1
3780,4,4
3781,2,2
3781,2,4
3782,6,3
3782,6,4
3782,6,1
3783,1,5
3784,1,4
3785,4,1
3785,4,2
3785,4,4
3786,2,2
3787,3,3
3787,3,2
3787,3,1
3788,2,2
3788,2,3
3789,5,5
3789,5,1
3789,5,2
3790,2,3
3791,5,3
3791,5,1
3791,5,5
3792,1,4
3793,6,5
3793,6,2
3793,6,3
3794,4,1
3795,4,3
3796,2,4
3797,6,5
3797,6,3
3798,4,4
3798,4,2
3798,4,1
3799,2,3
3799,2,4
3799,2,2
3800,5,4
3800,5,5
3801,3,2
3801,3,5
3801,3,1
3802,3,4
3803,6,4
3804,3,2
3805,6,4
3805,6,5
3805,6,2
3806,6,3
3806,6,2
3807,6,3
3807,6,1
3807,6,5
3808,1,2
3808,1,3
3808,1,4
3809,2,1
3809,2,3
3810,5,3
3810,5,5
3811,1,2
3811,1,5
3812,1,5
3812,1,4
3813,4,3
3813,4,2
3813,4,1
3814,2,5
3815,3,2
3815,3,1
3816,5,3
3816,5,4
3817,3,3
3817,3,2
3817,3,1
3818,1,5
3819,3,1
3819,3,5
3820,1,4
3820,1,3
3820,1,5
3821,6,5
3822,2,5
3823,6,3
3823,6,4
3823,6,2
3824,6,1
3824,6,5
3825,6,3
3825,6,2
3825,6,4
3826,1,5
3827,3,2
3827,3,4
3827,3,5
3828,3,5
3828,3,3
3829,1,2
3829,1,5
3829,1,3
3830,6,1
3830,6,3
3830,6,5
3831,2,2
3831,2,3
3832,5,1
3832,5,4
3833,1,5
3833,1,1
3834,3,4
3834,3,1
3835,2,3
3835,2,5
3836,3,2
3836,3,5
3837,2,5
3837,2,2
3838,1,5
3838,1,1
3839,2,5
3839,2,1
3840,4,4
3840,4,3
3840,4,2
3841,5,2
3841,5,1
3841,5,3
3842,3,5
3842,3,2
3842,3,1
3843,6,1
3843,6,3
3843,6,4
3844,6,4
3844,6,5
3845,6,3
3845,6,4
3845,6,1
3846,6,3
3846,6,1
3846,6,2
3847,2,4
3847,2,1
3848,2,1
3848,2,4
3849,4,4
3849,4,3
3849,4,5
3850,5,1
3850,5,5
3850,5,2
3851,3,4
3851,3,2
3852,2,4
3853,1,3
3854,6,2
3854,6,1
3855,6,3
3856,1,4
3856,1,5
3856,1,2
3857,1,3
3858,2,5
3858,2,4
3859,2,4
3859,2,5
3860,6,4
3861,3,2
3862,5,1
3863,1,2
3864,3,3
3864,3,4
3865,2,3
3866,4,4
3866,4,3
3867,3,1
3867,3,3
3868,2,5
3869,4,4
3869,4,2
3869,4,3
3870,3,4
3871,2,4
3871,2,2
3871,2,3
3872,5,1
3872,5,2
3872,5,5
3873,4,1
3873,4,5
3874,6,5
3874,6,4
3875,4,2
3876,2,2
3877,6,5
3877,6,1
3877,6,2
3878,3,2
3878,3,5
3879,1,2
3879,1,5
3880,6,2
3880,6,4
3881,1,5
3881,1,1
3882,5,4
3883,3,3
3884,4,4
3884,4,5
3884,4,1
3885,2,3
3885,2,1
3885,2,4
3886,5,4
3886,5,5
3887,2,1
3887,2,4
3888,5,1
3889,6,3
3889,6,2
3889,6,5
3890,6,5
3891,3,2
3891,3,4
3892,3,4
3892,3,1
3892,3,5
3893,3,5
3893,3,1
3893,3,3
3894,3,5
3895,1,3
3896,3,3
3896,3,1
3896,3,4
3897,6,1
3897,6,2
3898,4,5
3898,4,4
3899,1,2
3899,1,3
3900,5,3
3900,5,1
3900,5,5
3901,6,5
3901,6,3
3902,1,1
3903,5,5
3903,5,3
3904,2,3
3904,2,2
3904,2,5
3905,3,4
3905,3,5
3906,1,3
3906,1,4
3906,1,2
3907,1,2
3907,1,4
3908,4,5
3908,4,1
3909,6,3
3909,6,2
3910,3,2
3910,3,3
3910,3,1
3911,3,2
3912,3,2
3912,3,5
3913,3,4
3914,6,3
3914,6,1
3914,6,5
3915,2,5
3916,6,3
3916,6,5
3916,6,2
3917,4,5
3917,4,1
3917,4,4
3918,6,5
3919,1,2
3919,1,4
3920,4,3
3921,2,5
3921,2,1
3921,2,3
3922,4,1
3923,2,4
3923,2,5
3924,5,3
3924,5,2
3925,1,4
3925,1,1
3925,1,5
3926,4,3
3927,4,5
3928,2,1
3928,2,5
3929,2,5
3930,4,4
3931,3,3
3932,4,3
3932,4,2
3933,1,2
3934,2,3
3935,1,2
3935,1,3
3936,6,2
3936,6,4
3937,3,2
3937,3,5
3938,4,1
3938,4,4
3938,4,2
3939,3,3
3939,3,5
3940,4,4
3940,4,5
3941,6,2
3942,6,1
3942,6,4
3943,6,1
3944,2,5
3945,4,3
3945,4,4
3946,3,2
3946,3,5
3947,1,4
3947,1,3
3948,2,2
3948,2,4
3948,2,1
3949,4,4
3950,1,1
3950,1,3
3950,1,4
3951,5,4
3951,5,1
3951,5,3
3952,3,4
3953,5,1
3953,5,4
3953,5,2
3954,1,1
3954,1,3
3954,1,4
3955,5,1
3955,5,4
3955,5,5
3956,6,5
3957,4,4
3958,4,3
3958,4,1
3958,4,5
3959,2,4
3959,2,1
3959,2,3
3960,1,4
3960,1,1
3961,5,4
3961,5,2
3962,5,1
3963,1,1
3964,4,4
3964,4,1
3965,5,3
3965,5,1
3965,5,2
3966,2,3
3966,2,4
3966,2,5
3967,1,5
3967,1,1
3968,5,2
3969,4,1
3969,4,4
3970,2,3
3971,1,2
3971,1,1
3972,2,2
3973,5,3
3973,5,2
3974,5,4
3975,3,2
3975,3,4
3975,3,3
3976,1,2
3976,1,5
3977,4,3
3978,6,1
3978,6,5
3979,4,4
3980,1,1
3980,1,3
3980,1,2
3981,3,2
3981,3,5
3981,3,4
3982,3,5
3982,3,2
3983,1,4
3984,6,1
3985,3,2
3986,6,2
3986,6,1
3987,5,5
3987,5,4
3988,5,2
3988,5,1
3989,5,5
3990,2,4
3990,2,2
3990,2,3
3991,2,1
3992,6,1
3992,6,2
3992,6,5
3993,6,4
3993,6,3
3993,6,1
3994,6,5
3994,6,1
3995,4,3
3996,4,2
3996,4,4
3996,4,1
3997,2,3
3997,2,4
3998,6,5
3998,6,2
3998,6,4
3999,1,5
3999,1,1
4000,2,5
4000,2,4
4000,2,3
4001,2,2
4002,3,5
4003,2,4
4004,5,2
4005,5,5
4006,5,2
4006,5,5
4006,5,3
4007,1,4
4008,3,3
4008,3,1
4009,5,5
4010,3,1
4010,3,3
4011,1,3
4011,1,5
4012,6,3
4013,3,3
4013,3,4
4013,3,2
4014,6,2
4014,6,5
4015,2,1
4015,2,2
4016,1,5
4016,1,1
4017,2,1
4017,2,2
4018,3,3
4018,3,1
4018,3,2
4019,5,1
4019,5,5
4019,5,3
4020,2,1
4020,2,4
4021,4,4
4021,4,5
4021,4,2
4022,3,2
4022,3,4
4023,3,1
4024,1,3
4024,1,5
4025,6,4
4025,6,3
4026,2,4
4027,5,2
4027,5,4
4028,2,4
4029,6,2
4030,2,5
4030,2,3
4031,1,4
4032,2,3
4033,3,3
4033,3,4
4034,2,1
4034,2,2
4034,2,5
4035,4,5
4035,4,3
4036,3,3
4037,3,2
4037,3,4
4037,3,3
4038,4,1
4039,4,5
4040,4,2
4041,2,5
4041,2,3
4042,5,3
4043,5,1
4043,5,2
4043,5,3
4044,1,1
4044,1,3
4045,1,5
4046,6,5
4046,6,4
4046,6,1
4047,3,3
4047,3,1
4048,3,2
4049,5,3
4049,5,4
4050,1,5
4050,1,2
4051,6,2
4051,6,4
4052,3,5
4052,3,2
4053,6,4
4053,6,1
4054,3,3
4055,2,5
4055,2,2
4055,2,1
4056,1,1
4056,1,3
4056,1,4
4057,5,4
4057,5,3
4058,6,3
4059,2,3
4060,6,3
4061,3,3
4061,3,1
4061,3,2
4062,2,2
4063,4,4
4063,4,2
4064,5,1
4064,5,4
4065,3,1
4066,2,3
4066,2,1
4066,2,4
4067,1,1
4067,1,4
4067,1,5
4068,1,3
4068,1,2
4068,1,4
4069,6,5
4070,6,4
4071,2,3
4071,2,1
4072,6,5
4072,6,3
4072,6,2
4073,5,4
4073,5,3
4073,5,5
4074,4,1
4075,4,1
4075,4,3
4075,4,4
4076,1,3
4076,1,1
4077,6,3
4077,6,2
4078,6,2
4078,6,5
4078,6,3
4079,1,2
4079,1,4
4079,1,5
4080,3,1
4081,1,4
4081,1,3
4081,1,1
4082,4,5
4082,4,4
4082,4,3
4083,2,5
4084,6,4
4084,6,3
4084,6,2
4085,5,5
4086,1,5
4086,1,4
4086,1,1
4087,6,2
4087,6,1
4087,6,3
4088,4,3
4088,4,5
4089,5,5
4089,5,4
4090,2,1
4090,2,4
4090,2,2
4091,4,3
4091,4,1
4091,4,5
4092,3,1
4093,1,5
4094,4,2
4095,2,1
4096,2,3
4096,2,4
4097,5,1
4098,1,4
4098,1,5
4099,4,5
4100,2,2
4100,2,4
4100,2,1
4101,6,3
4101,6,1
4101,6,5
4102,5,2
4103,1,2
4103,1,4
4103,1,1
4104,6,5
4104,6,1
4104,6,4
4105,1,3
4105,1,2
4106,6,1
4106,6,2
4106,6,5
4107,5,1
4107,5,2
4108,4,4
4109,2,5
4109,2,1
4110,5,4
4110,5,5
4110,5,1
4111,2,2
4111,2,3
4111,2,5
4112,2,2
4112,2,4
4112,2,1
4113,1,5
4113,1,1
4114,5,2
4115,5,3
4116,2,2
4116,2,5
4116,2,4
4117,4,4
4118,5,1
4119,1,1
4120,3,1
4120,3,2
4120,3,5
4121,4,4
4122,2,5
4123,6,5
4123,6,1
4123,6,4
4124,4,2
4124,4,5
4124,4,1
4125,4,3
4126,4,2
4126,4,4
4126,4,5
4127,1,1
4128,1,1
4129,3,4
4130,2,3
4130,2,5
4130,2,1
4131,5,3
4132,5,1
4132,5,5
4132,5,3
4133,6,1
4133,6,5
4133,6,3
4134,4,4
4134,4,1
4134,4,2
4135,4,1
4135,4,3
4135,4,4
4136,1,1
4137,4,1
4137,4,3
4137,4,5
4138,6,3
4138,6,1
4138,6,4
4139,3,3
4140,3,1
4141,5,2
4142,6,4
4142,6,3
4142,6,1
4143,5,2
4143,5,4
4143,5,5
4144,6,2
4145,1,1
4145,1,4
4145,1,5
4146,3,1
4146,3,4
4146,3,3
4147,2,1
4147,2,3
4147,2,4
4148,1,4
4149,3,5
4150,3,1
4151,3,3
4151,3,1
4152,1,1
4152,1,3
4153,1,5
4153,1,1
4154,2,3
4154,2,4
4155,1,1
4156,2,3
4156,2,2
4156,2,4
4157,6,2
4157,6,3
4157,6,4
4158,4,2
4159,6,3
4159,6,2
4160,5,2
4160,5,3
4161,2,5
4161,2,1
4162,5,2
4162,5,5
4163,4,2
4163,4,3
4163,4,5
4164,5,1
4164,5,5
4165,5,5
4165,5,2
4166,1,4
4166,1,2
4167,2,4
4167,2,3
4167,2,1
4168,6,3
4168,6,5
4168,6,4
4169,3,1
4169,3,5
4169,3,3
4170,6,3
4170,6,4
4171,3,1
4171,3,4
4172,1,4
4173,2,3
4173,2,4
4174,5,4
4174,5,2
4175,3,1
4175,3,5
4176,5,4
4176,5,1
4176,5,5
4177,4,2
4177,4,1
4178,4,1
